Date,Longitude,Latitude,Depth,Rms,Type,Magnitude,Location,EventID
2011-10-23 10:41:20,43.4657,38.689,19.02,0.28,Ml,6.7,Tuşba (Van),141933
2011-10-23 10:56:48,43.3633,38.7825,19.92,0.77,Ml,5.8,Tuşba (Van),141937
2011-11-09 19:23:34,43.2825,38.4382,21.47,0.93,Ml,5.6,Van Gölü - [01.79 km] Edremit (Van),146290
2011-10-27 08:04:22,43.8343,37.3807,21.61,0.32,Ml,5.6,Merkez (Hakkari),143087
2011-10-23 11:32:40,43.3947,38.7778,22.61,0.94,Ml,5.5,Tuşba (Van),141947
2011-10-25 14:55:06,43.5857,38.823,17.44,0.58,Ml,5.4,Tuşba (Van),142682
2011-11-08 22:05:50,43.0778,38.7192,8.36,0.78,Ml,5.4,Van Gölü - [10.73 km] Tuşba (Van),146118
2011-10-23 11:00:29,43.1312,38.7335,7.48,0.94,Ml,5.3,Van Gölü - [07.20 km] Tuşba (Van),141939
2011-10-23 19:06:05,43.328,38.7358,22.09,0.94,Ml,5.0,Tuşba (Van),142094
2011-10-24 08:49:19,43.5823,38.706,17.27,0.54,Ml,5.0,Erçek Gölü - [04.78 km] İpekyolu (Van),142269
2011-10-23 18:10:44,43.192,38.629,19.81,0.85,Ml,5.0,Tuşba (Van),142071
2011-11-02 11:43:02,43.9003,37.2538,7.78,0.35,Ml,4.8,Çukurca (Hakkari),144550
2011-10-23 10:52:05,43.238,38.7657,6.3,0.84,Ml,4.8,Tuşba (Van),141935
2011-10-29 22:24:22,43.5438,38.9245,16.67,0.66,Ml,4.8,Van Gölü - [01.78 km] Tuşba (Van),143704
2011-10-26 03:16:18,43.2008,38.6923,20.62,0.49,Ml,4.8,Tuşba (Van),142809
2011-10-23 16:05:10,43.508,38.7518,20.85,0.99,Ml,4.8,Tuşba (Van),142026
2011-11-07 15:54:48,43.6323,38.6634,4.43,0.9739,Ml,4.8,Erçek Gölü - [01.90 km] İpekyolu (Van),145866
2011-10-23 11:10:53,43.3077,38.7167,7.11,0.78,Ml,4.8,Tuşba (Van),141941
2011-10-24 08:28:26,43.5322,38.6865,18.89,0.72,Ml,4.7,Erçek Gölü - [01.27 km] Tuşba (Van),142266
2011-10-23 15:24:29,43.149,38.5905,21.55,0.84,Ml,4.7,Van Gölü - [06.08 km] Tuşba (Van),142018
2011-10-26 02:59:05,43.5063,38.828,14.81,0.86,Ml,4.6,Tuşba (Van),142806
2011-10-23 10:48:15,43.3715,38.7152,12.02,0.94,Ml,4.6,Tuşba (Van),141934
2011-11-05 19:19:15,43.513,38.8145,22.03,0.49,Ml,4.6,Tuşba (Van),145400
2011-11-06 02:43:12,43.5548,38.9393,11.66,0.53,Ml,4.6,Van Gölü - [03.48 km] Tuşba (Van),145477
2011-10-23 15:57:59,43.3265,38.7173,21.78,0.95,Ml,4.6,Tuşba (Van),142023
2011-11-02 13:24:02,43.5377,38.8433,19.44,0.44,Ml,4.6,Tuşba (Van),144561
2011-10-26 16:19:44,43.2853,38.6593,1.45,0.27,Ml,4.5,Tuşba (Van),142939
2011-10-28 16:34:10,43.5835,38.8975,12.44,0.54,Ml,4.5,Tuşba (Van),143428
2011-11-01 21:10:44,43.6095,38.8462,5.06,0.24,Ml,4.5,Tuşba (Van),144413
2011-11-09 22:38:18,43.2413,38.4498,14.86,0.52,Ml,4.4,Van Gölü - [10.41 km] Tuşba (Van),146342
2011-10-23 13:07:49,43.2019,38.673,11.68,0.9052,Ml,4.4,Tuşba (Van),141974
2011-10-24 13:07:55,43.5507,38.9292,13.31,0.95,Ml,4.4,Van Gölü - [02.31 km] Tuşba (Van),142326
2011-10-24 12:49:15,43.3385,38.7007,2.95,0.72,Ml,4.3,Tuşba (Van),142325
2011-10-23 12:56:46,43.3055,38.7712,1.71,0.8,Ml,4.3,Tuşba (Van),141970
2011-10-25 16:56:16,43.4705,38.7895,8.07,0.61,Ml,4.3,Tuşba (Van),142713
2011-10-25 16:50:32,43.6377,38.8688,11.53,0.51,Ml,4.3,Tuşba (Van),142712
2011-11-06 00:24:44,43.2175,38.6997,21.39,0.47,Ml,4.3,Tuşba (Van),145455
2011-10-26 15:14:37,43.5468,38.6657,12.34,0.25,Ml,4.3,Erçek Gölü - [02.86 km] Tuşba (Van),142933
2011-10-26 23:42:26,43.1613,38.6237,19.18,0.45,Ml,4.3,Van Gölü - [05.66 km] Tuşba (Van),143000
2011-11-06 13:34:22,43.4752,38.8225,20.91,0.63,Ml,4.3,Tuşba (Van),145582
2011-11-07 16:11:16,43.6142,38.6958,21.35,0.86,Ml,4.3,Erçek Gölü - [02.61 km] İpekyolu (Van),145871
2011-10-23 19:48:55,43.2027,38.6213,13.94,0.97,Ml,4.2,Tuşba (Van),142103
2011-10-26 15:31:15,43.0963,38.636,4.05,0.39,Ml,4.2,Van Gölü - [09.24 km] Tuşba (Van),142935
2011-10-27 05:29:11,43.3738,38.6923,20.26,0.49,Ml,4.2,Tuşba (Van),143056
2011-10-26 03:27:05,43.1948,38.7062,6.98,0.77,Ml,4.2,Van Gölü - [01.64 km] Tuşba (Van),142810
2011-10-23 11:27:14,43.0651,38.7221,0.1,0.39,ML,4.2,Van Gölü - [11.87 km] Tuşba (Van),141945
2011-10-30 04:29:10,43.3052,38.7458,19.88,0.9,Ml,4.2,Tuşba (Van),143751
2011-10-23 11:54:53,43.5423,38.73,7.2,0.7,Ml,4.2,Erçek Gölü - [02.54 km] İpekyolu (Van),141953
2011-10-26 23:15:06,43.6701,38.8781,14.77,0.7,ML,4.2,Muradiye (Van),230103
2011-10-23 12:17:33,43.5558,38.7338,15.08,0.91,Ml,4.2,Erçek Gölü - [01.52 km] İpekyolu (Van),141957
2011-10-23 12:42:09,43.1455,38.678,10.0,0.98,Ml,4.2,Van Gölü - [03.76 km] Tuşba (Van),141966
2011-10-28 19:59:49,43.1727,38.6497,7.0,0.59,Ml,4.1,Tuşba (Van),143460
2011-10-23 21:43:28,43.3303,38.7718,1.79,0.64,Ml,4.1,Tuşba (Van),142131
2011-11-02 18:32:50,43.891,37.2522,7.79,0.24,Ml,4.1,Çukurca (Hakkari),144609
2011-10-27 15:41:34,43.5475,38.9198,10.37,0.49,Ml,4.1,Van Gölü - [01.24 km] Tuşba (Van),143144
2011-10-26 19:16:45,43.2777,38.7183,5.0,0.7,Ml,4.1,Tuşba (Van),142962
2011-10-23 16:13:23,43.1128,38.6632,20.89,0.69,Ml,4.1,Van Gölü - [06.78 km] Tuşba (Van),142027
2011-10-25 18:14:42,43.6078,38.8548,10.97,0.72,Ml,4.1,Tuşba (Van),142735
2011-10-24 10:30:15,43.3143,38.6868,6.52,0.69,Ml,4.1,Tuşba (Van),142305
2011-10-25 15:16:46,43.5163,38.8323,5.0,0.97,Ml,4.1,Tuşba (Van),142689
2011-10-24 14:06:51,43.1812,38.7898,6.98,0.47,Ml,4.1,Van Gölü - [05.73 km] Tuşba (Van),142336
2011-10-23 11:45:09,43.1576,38.6968,6.96,0.81,ML,4.1,Van Gölü - [03.49 km] Tuşba (Van),230037
2011-10-24 01:39:15,43.3925,38.7428,21.75,0.81,Ml,4.1,Tuşba (Van),142187
2011-10-26 19:45:29,43.2045,38.7788,5.04,0.8,Ml,4.1,Van Gölü - [03.88 km] Tuşba (Van),142969
2011-10-25 19:43:57,43.3522,38.7417,6.96,0.35,Ml,4.1,Tuşba (Van),142745
2011-10-24 00:50:47,43.3103,38.7417,12.94,0.59,Ml,4.1,Tuşba (Van),142177
2011-10-23 17:08:36,42.2482,39.0273,11.5,0.91,Ml,4.0,Bulanık (Muş),142051
2011-10-25 17:08:02,43.1577,38.7098,1.81,0.72,Ml,4.0,Van Gölü - [04.54 km] Tuşba (Van),142716
2011-11-04 12:56:28,43.5368,38.743,19.96,0.71,Ml,4.0,Tuşba (Van),145063
2011-10-26 19:22:47,43.5245,38.6633,12.83,0.61,Ml,4.0,Tuşba (Van),142964
2011-10-25 15:19:48,43.3188,38.738,6.98,1.04,Ml,4.0,Tuşba (Van),142691
2011-10-24 11:14:13,43.3705,38.7138,3.54,0.51,Ml,4.0,Tuşba (Van),142314
2011-10-25 15:06:07,43.5145,38.8377,7.52,0.55,Ml,4.0,Tuşba (Van),142686
2011-10-23 12:20:00,43.5087,38.7367,20.8,0.98,Ml,4.0,Tuşba (Van),141959
2011-10-31 16:57:58,43.3535,38.7247,19.71,0.38,Ml,4.0,Tuşba (Van),144132
2011-10-23 12:30:13,43.2332,38.7325,6.91,0.84,Ml,4.0,Tuşba (Van),141963
2011-10-24 06:46:39,43.4915,38.8272,5.0,0.74,Ml,3.9,Tuşba (Van),142247
2011-10-23 11:47:23,43.334,38.789,6.99,0.58,Ml,3.9,Tuşba (Van),141951
2011-10-23 11:44:21,43.586,38.8616,7.0,0.88,ML,3.9,Tuşba (Van),230035
2011-10-28 11:27:45,43.542,38.9152,6.65,0.47,Ml,3.9,Tuşba (Van),143373
2011-10-23 22:31:08,43.0005,38.5932,3.23,0.91,Ml,3.9,Van Gölü - [18.84 km] Tuşba (Van),142146
2011-10-23 22:21:30,43.0803,38.6143,13.88,0.43,Ml,3.9,Van Gölü - [11.72 km] Tuşba (Van),142144
2011-10-23 20:56:37,43.0587,38.65,13.31,0.95,Ml,3.9,Van Gölü - [11.70 km] Tuşba (Van),142119
2011-10-23 21:20:49,43.5855,38.8462,7.52,0.9,Ml,3.9,Tuşba (Van),142126
2011-10-23 19:54:24,43.4745,38.7225,12.22,0.8,Ml,3.9,Tuşba (Van),142104
2011-10-28 15:20:07,43.5574,38.6979,6.7,0.6013,Ml,3.9,Erçek Gölü - [03.80 km] Tuşba (Van),143415
2011-11-10 05:43:20,43.275,38.4815,14.7,0.95,Ml,3.9,Van Gölü - [05.82 km] Tuşba (Van),146425
2011-10-27 00:00:10,43.153,38.6297,19.49,0.73,Ml,3.9,Tuşba (Van),143005
2011-11-06 12:25:59,43.4575,38.831,7.03,0.73,Ml,3.9,Tuşba (Van),145566
2011-10-24 12:42:42,43.1358,38.6798,12.25,0.62,Ml,3.9,Van Gölü - [04.61 km] Tuşba (Van),142323
2011-11-07 07:23:16,42.9922,38.8233,6.94,0.68,Ml,3.9,Sodalı Göl - [02.37 km] Adilcevaz (Bitlis),145794
2011-10-23 12:21:38,43.1552,38.7187,7.34,0.72,Ml,3.9,Van Gölü - [05.35 km] Tuşba (Van),141960
2011-10-23 12:13:07,43.2665,38.7847,6.95,0.57,Ml,3.9,Van Gölü - [02.26 km] Tuşba (Van),141956
2011-10-25 17:12:25,43.5397,38.6978,8.98,0.74,Ml,3.9,Erçek Gölü - [02.59 km] Tuşba (Van),142717
2011-10-26 02:12:42,43.5348,38.9563,12.06,0.75,Ml,3.9,Van Gölü - [04.40 km] Erciş (Van),142798
2011-10-28 08:02:39,43.5782,38.6975,18.2,0.63,Ml,3.9,Erçek Gölü - [05.58 km] İpekyolu (Van),143331
2011-11-07 13:35:21,43.6391,38.7197,4.57,0.9985,Ml,3.9,İpekyolu (Van),145844
2011-10-30 18:20:24,43.5637,38.9098,10.73,0.98,Ml,3.9,Tuşba (Van),143898
2011-10-24 08:56:10,43.161,38.6718,8.34,0.64,Ml,3.9,Van Gölü - [02.48 km] Tuşba (Van),142274
2011-10-26 04:14:50,43.237,38.6623,6.91,0.62,Ml,3.9,Tuşba (Van),142817
2011-10-25 17:32:42,43.4008,38.7068,4.86,0.8,Ml,3.9,Tuşba (Van),142725
2011-10-28 11:22:45,43.59,38.8505,5.97,0.77,Ml,3.9,Tuşba (Van),143371
2011-10-24 08:47:55,43.455,38.7228,5.09,0.94,Ml,3.8,Tuşba (Van),142268
2011-11-01 23:54:34,43.5825,38.715,13.68,0.63,Ml,3.8,Erçek Gölü - [03.87 km] İpekyolu (Van),144448
2011-10-25 17:22:50,43.398,38.7073,5.0,0.78,Ml,3.8,Tuşba (Van),142720
2011-10-26 21:20:38,43.5273,38.8042,7.65,0.44,Ml,3.8,Tuşba (Van),142987
2011-10-25 17:03:21,43.3777,38.7738,6.9,0.47,Ml,3.8,Tuşba (Van),142714
2011-10-27 00:38:56,43.0503,38.445,1.87,0.6601,Ml,3.8,Van Gölü - [14.37 km] Gevaş (Van),143010
2011-10-23 14:42:57,43.1908,38.6845,10.26,0.96,Ml,3.8,Tuşba (Van),142002
2011-11-05 23:12:27,43.3025,38.7218,3.81,0.34,Ml,3.8,Tuşba (Van),145446
2011-10-23 15:49:18,43.157,38.6827,6.96,0.86,Ml,3.8,Van Gölü - [02.83 km] Tuşba (Van),142020
2011-10-23 15:51:22,43.1998,38.7417,6.91,0.9,Ml,3.8,Van Gölü - [01.17 km] Tuşba (Van),142021
2011-10-31 15:22:25,43.5737,38.6873,14.94,0.53,Ml,3.8,Erçek Gölü - [06.21 km] İpekyolu (Van),144120
2011-11-02 05:44:12,43.5905,38.8635,4.08,0.57,Ml,3.8,Tuşba (Van),144504
2011-10-26 00:48:23,43.942,38.4683,10.03,0.67,Ml,3.8,Özalp (Van),142780
2011-11-02 00:19:51,43.6147,38.8735,5.0,1.05,Ml,3.8,Tuşba (Van),144452
2011-10-25 20:13:14,43.5673,38.9365,9.6,0.72,Ml,3.8,Van Gölü - [03.57 km] Tuşba (Van),142748
2011-10-26 02:18:26,43.5557,38.8752,7.03,0.54,Ml,3.8,Tuşba (Van),142799
2011-10-24 12:24:05,43.5502,38.9233,3.61,0.75,Ml,3.8,Van Gölü - [01.66 km] Tuşba (Van),142322
2011-11-06 09:20:28,43.5445,38.9433,5.95,0.55,Ml,3.8,Van Gölü - [03.85 km] Tuşba (Van),145531
2011-10-26 01:37:05,43.5705,38.8348,2.69,0.57,Ml,3.8,Tuşba (Van),142792
2011-10-31 16:59:11,43.5228,38.9587,10.72,0.62,Ml,3.8,Van Gölü - [04.29 km] Erciş (Van),144133
2011-10-26 04:41:43,43.5915,38.82,10.12,0.65,Ml,3.8,Muradiye (Van),142821
2011-10-28 07:00:19,43.209,38.593,6.99,0.49,Ml,3.8,Tuşba (Van),143325
2011-10-26 03:34:59,43.5115,38.8308,13.1,0.94,Ml,3.8,Tuşba (Van),142811
2011-11-01 18:35:50,43.5622,38.5583,13.16,0.91,Ml,3.8,İpekyolu (Van),144386
2011-10-24 07:02:26,43.3418,38.62,7.26,0.59,Ml,3.8,Tuşba (Van),142250
2011-10-27 08:18:02,43.638,37.412,9.53,0.79,Ml,3.8,Merkez (Hakkari),143089
2011-11-07 06:45:01,43.1262,38.6745,14.9,0.84,Ml,3.8,Van Gölü - [05.44 km] Tuşba (Van),145791
2011-10-30 22:16:45,43.5697,38.9218,9.34,0.89,Ml,3.7,Van Gölü - [02.42 km] Tuşba (Van),143959
2011-11-07 17:09:32,43.7015,38.8915,5.0,0.79,Ml,3.7,Muradiye (Van),145883
2011-10-30 23:05:05,43.8548,37.3263,4.19,0.35,Ml,3.7,Çukurca (Hakkari),143971
2011-10-23 12:03:09,43.195,38.6517,23.57,0.95,Ml,3.7,Tuşba (Van),141955
2011-10-26 16:28:26,43.4247,38.7493,6.36,0.63,Ml,3.7,Tuşba (Van),142940
2011-10-24 08:05:12,43.646,38.961,0.0,0.8,ML,3.7,Muradiye (Van),230096
2011-11-01 21:37:30,43.1734,38.6959,2.7,0.4633,Ml,3.7,Van Gölü - [02.49 km] Tuşba (Van),144419
2011-10-28 06:19:49,43.2877,38.7488,5.83,0.51,Ml,3.7,Tuşba (Van),143316
2011-11-06 12:28:05,43.453,38.8327,7.03,0.77,Ml,3.7,Tuşba (Van),145567
2011-11-08 02:46:18,43.4005,38.7828,6.99,0.57,Ml,3.7,Tuşba (Van),145956
2011-10-28 10:00:15,43.0197,38.6023,7.0,0.75,Ml,3.7,Van Gölü - [16.88 km] Tuşba (Van),143362
2011-10-24 08:55:27,43.1293,38.7158,6.99,0.59,Ml,3.7,Van Gölü - [06.73 km] Tuşba (Van),142273
2011-10-24 06:44:58,43.0277,38.7302,5.0,0.63,Ml,3.7,Van Gölü - [06.88 km] Adilcevaz (Bitlis),142246
2011-10-26 02:06:46,43.4778,38.7975,12.49,0.7,Ml,3.7,Tuşba (Van),142797
2011-10-24 08:51:11,43.5513,38.7508,6.84,0.61,Ml,3.7,İpekyolu (Van),142270
2011-10-26 18:09:00,43.2669,38.7166,3.04,0.776,Ml,3.7,Tuşba (Van),142952
2011-10-26 23:32:55,43.2197,38.7227,7.06,0.8,Ml,3.7,Tuşba (Van),142999
2011-10-27 00:54:13,43.0922,38.6137,7.33,0.84,Ml,3.7,Van Gölü - [10.94 km] Tuşba (Van),143014
2011-11-02 00:12:34,43.5008,38.7398,6.8,0.46,Ml,3.7,Tuşba (Van),144450
2011-10-26 02:23:13,43.5737,38.8978,4.96,0.67,Ml,3.7,Tuşba (Van),142801
2011-10-25 09:23:23,43.3122,38.6418,5.49,0.77,Ml,3.7,Tuşba (Van),142615
2011-10-26 04:30:13,43.6498,38.839,8.66,0.88,Ml,3.7,Muradiye (Van),142819
2011-10-25 19:19:26,43.0253,38.6717,2.78,0.55,Ml,3.7,Van Gölü - [14.23 km] Tuşba (Van),142740
2011-10-25 19:33:27,43.5368,38.8227,8.25,0.62,Ml,3.7,Tuşba (Van),142743
2011-10-26 01:06:23,43.5285,38.7293,5.86,0.57,Ml,3.7,Tuşba (Van),142784
2011-10-23 16:46:32,43.516,38.711,6.83,0.57,Ml,3.7,Tuşba (Van),142042
2011-10-26 17:28:31,43.6515,38.6342,19.48,0.97,Ml,3.7,İpekyolu (Van),142944
2011-11-02 13:55:40,43.2,38.6253,7.0,0.69,Ml,3.6,Tuşba (Van),144565
2011-10-24 13:37:00,43.4653,38.6098,7.01,0.86,Ml,3.6,Tuşba (Van),142331
2011-10-25 18:06:24,43.1265,38.6577,5.0,0.49,Ml,3.6,Van Gölü - [05.82 km] Tuşba (Van),142731
2011-10-26 02:59:54,42.9072,38.5292,7.3,0.98,Md,3.6,Van Gölü - [09.52 km] Gevaş (Van),142807
2011-10-28 09:36:18,43.2192,38.6992,15.12,0.7,Ml,3.6,Tuşba (Van),143357
2011-10-26 04:33:08,43.5335,38.7997,5.0,0.76,Ml,3.6,Tuşba (Van),142820
2011-10-24 13:47:25,43.0627,38.6117,6.94,0.83,Ml,3.6,Van Gölü - [13.14 km] Tuşba (Van),142332
2011-10-28 06:41:34,43.5927,38.811,7.55,0.23,Ml,3.6,Tuşba (Van),143322
2011-10-26 04:47:41,43.182,38.6707,6.99,0.6,Ml,3.6,Tuşba (Van),142822
2011-11-01 11:21:07,43.2127,38.7717,7.01,0.71,Ml,3.6,Van Gölü - [03.02 km] Tuşba (Van),144314
2011-10-28 14:03:30,43.6018,38.9237,16.95,0.98,Ml,3.6,Van Gölü - [02.42 km] Tuşba (Van),143400
2011-11-06 04:19:36,43.3488,38.6915,5.0,0.6,Ml,3.6,Tuşba (Van),145485
2011-10-26 00:38:24,43.5587,38.8488,2.58,0.55,Ml,3.6,Tuşba (Van),142777
2011-11-01 00:07:00,43.4815,38.7135,7.01,0.76,Ml,3.6,Tuşba (Van),144221
2011-10-26 00:41:26,43.6097,38.8485,4.87,0.56,Ml,3.6,Tuşba (Van),142778
2011-11-01 10:21:56,43.5775,38.892,9.03,0.84,Ml,3.6,Tuşba (Van),144304
2011-10-25 08:19:06,43.5328,38.7647,15.3,0.94,Ml,3.6,Tuşba (Van),142599
2011-11-06 02:07:11,43.0922,38.7132,21.27,0.36,Ml,3.6,Van Gölü - [09.31 km] Tuşba (Van),145473
2011-10-25 09:53:38,43.332,38.7442,6.98,0.88,Ml,3.6,Tuşba (Van),142620
2011-11-01 19:44:04,43.5688,38.8943,12.54,0.58,Ml,3.6,Tuşba (Van),144397
2011-10-26 01:16:39,43.5543,38.8898,7.2,0.88,Ml,3.6,Tuşba (Van),142787
2011-10-26 05:34:21,43.2402,38.6517,6.95,0.38,Ml,3.6,Tuşba (Van),142826
2011-10-30 20:07:18,43.5405,38.9197,12.13,0.79,Ml,3.6,Van Gölü - [01.34 km] Tuşba (Van),143931
2011-10-30 23:59:07,43.5632,38.847,7.0,0.72,Ml,3.6,Tuşba (Van),143983
2011-10-25 15:21:51,43.5107,38.8515,6.37,0.84,Ml,3.6,Tuşba (Van),142692
2011-10-27 00:26:07,43.214,38.7507,4.41,0.98,Ml,3.6,Tuşba (Van),143008
2011-10-25 15:19:01,43.5925,38.8508,7.0,0.84,Ml,3.6,Tuşba (Van),142690
2011-10-30 21:58:31,43.1642,38.6253,16.38,0.65,Ml,3.6,Van Gölü - [05.53 km] Tuşba (Van),143955
2011-10-27 03:55:16,43.2217,38.6662,9.12,0.8639,Ml,3.6,Tuşba (Van),143038
2011-11-07 18:37:43,43.5867,38.9193,10.28,0.71,Ml,3.6,Van Gölü - [01.59 km] Tuşba (Van),145897
2011-10-26 20:54:58,43.2382,38.7307,7.13,0.72,Ml,3.6,Tuşba (Van),142982
2011-10-26 18:22:57,43.654,38.8655,7.71,0.56,Ml,3.6,Tuşba (Van),142955
2011-11-07 09:45:37,43.5777,38.6875,18.48,0.98,Ml,3.5,Erçek Gölü - [05.86 km] İpekyolu (Van),145810
2011-11-02 18:08:45,43.4125,38.6975,1.22,0.92,Ml,3.5,Tuşba (Van),144602
2011-11-04 13:46:35,38.7035,39.6655,1.49,0.67,Ml,3.5,Kemah (Erzincan),145075
2011-11-10 15:09:22,43.2932,38.4855,9.47,0.66,Ml,3.5,Van Gölü - [04.54 km] Tuşba (Van),146479
2011-10-23 14:34:57,43.268,38.748,7.0,0.98,Ml,3.5,Tuşba (Van),142001
2011-10-24 14:18:01,43.4895,38.7245,2.48,0.39,Ml,3.5,Tuşba (Van),142338
2011-10-24 12:12:15,43.6095,38.948,4.25,0.86,Ml,3.5,Van Gölü - [03.37 km] Muradiye (Van),142320
2011-10-24 11:32:36,43.543,38.7157,16.41,0.66,Ml,3.5,Erçek Gölü - [04.34 km] Tuşba (Van),142315
2011-10-24 08:52:14,43.5152,38.7125,7.03,0.98,Ml,3.5,Tuşba (Van),142272
2011-10-25 16:29:36,43.561,38.8345,5.96,0.59,Ml,3.5,Tuşba (Van),142708
2011-10-25 15:31:17,43.5383,38.7512,6.99,0.66,Ml,3.5,Tuşba (Van),142695
2011-10-25 08:42:44,43.21,38.7263,7.22,0.98,Ml,3.5,Tuşba (Van),142605
2011-10-25 08:32:53,43.2127,38.704,10.6,0.45,Ml,3.5,Tuşba (Van),142601
2011-10-26 14:19:34,43.6115,38.8345,2.23,0.39,Ml,3.5,Muradiye (Van),142925
2011-10-26 14:11:46,43.5415,38.6127,13.93,0.44,Ml,3.5,Erçek Gölü - [04.26 km] İpekyolu (Van),142923
2011-10-26 01:53:10,43.1077,38.7252,1.94,0.51,Ml,3.5,Van Gölü - [08.85 km] Tuşba (Van),142796
2011-10-26 01:43:49,43.2143,38.6477,7.09,0.52,Ml,3.5,Tuşba (Van),142794
2011-10-26 00:34:02,43.6602,38.8127,15.32,0.89,Ml,3.5,Muradiye (Van),142776
2011-11-07 06:09:55,43.4938,38.7638,15.76,0.91,Ml,3.5,Tuşba (Van),145786
2011-11-07 06:26:03,43.5065,38.8263,7.04,0.98,Ml,3.5,Tuşba (Van),145788
2011-10-27 00:52:17,43.323,38.7422,16.43,0.79,Ml,3.5,Tuşba (Van),143013
2011-10-26 21:21:40,36.3278,37.3182,7.0,0.48,Ml,3.5,Düziçi (Osmaniye),142989
2011-10-26 20:57:02,36.3157,37.3302,23.04,0.86,Ml,3.5,Düziçi (Osmaniye),142983
2011-10-26 20:54:54,43.3065,38.7055,15.81,0.88,Ml,3.5,Tuşba (Van),142981
2011-10-26 20:33:31,43.3082,38.691,1.26,0.49,Ml,3.5,Tuşba (Van),142979
2011-10-26 18:56:52,43.6165,38.826,17.59,0.97,Ml,3.5,Muradiye (Van),142961
2011-10-26 18:26:33,43.3697,38.7168,19.35,0.77,Ml,3.5,Tuşba (Van),142956
2011-10-28 14:10:48,43.3225,38.7397,7.0,0.6,Ml,3.5,Tuşba (Van),143402
2011-10-28 11:26:16,43.152,38.7538,6.98,0.45,Ml,3.5,Van Gölü - [05.39 km] Tuşba (Van),143372
2011-10-28 07:45:48,43.5548,38.6922,6.38,0.28,Ml,3.5,Erçek Gölü - [03.31 km] Tuşba (Van),143329
2011-10-28 06:38:51,43.3193,38.7642,7.03,0.52,Ml,3.5,Tuşba (Van),143321
2011-10-28 12:47:07,43.5683,38.9318,9.57,0.89,Ml,3.5,Van Gölü - [03.18 km] Tuşba (Van),143390
2011-10-31 06:00:25,43.6195,38.7095,16.43,0.75,Ml,3.5,Erçek Gölü - [02.62 km] İpekyolu (Van),144057
2011-10-30 21:23:48,43.5862,38.9687,6.78,0.72,Ml,3.5,Van Gölü - [02.18 km] Muradiye (Van),143947
2011-11-01 11:31:31,43.327,38.7022,14.97,0.97,Ml,3.5,Tuşba (Van),144317
2011-11-01 20:18:04,43.2193,38.7157,6.84,0.83,Ml,3.5,Tuşba (Van),144402
2011-11-06 11:29:25,43.4483,38.841,7.08,0.92,Ml,3.5,Tuşba (Van),145554
2011-10-31 15:42:28,43.1495,38.6772,7.01,0.53,Ml,3.4,Van Gölü - [03.41 km] Tuşba (Van),144122
2011-11-04 06:59:33,43.5058,38.865,7.11,0.25,Ml,3.4,Tuşba (Van),145006
2011-10-28 06:27:16,43.1057,38.6923,7.02,0.97,Ml,3.4,Van Gölü - [07.42 km] Tuşba (Van),143319
2011-11-06 02:11:51,38.444,38.1077,15.1,0.43,Ml,3.4,Sincik (Adıyaman),145474
2011-10-24 13:30:31,43.521,38.679,4.14,0.55,Ml,3.4,Tuşba (Van),142330
2011-10-26 21:34:11,43.2062,38.6875,6.89,0.97,Ml,3.4,Tuşba (Van),142992
2011-11-01 23:05:46,43.1728,38.669,7.08,0.58,Ml,3.4,Tuşba (Van),144438
2011-10-25 15:51:45,43.3947,38.8065,9.04,0.66,Md,3.4,Tuşba (Van),142700
2011-10-25 15:35:46,43.5318,38.6815,7.47,0.58,Ml,3.4,Erçek Gölü - [01.05 km] Tuşba (Van),142696
2011-11-05 22:03:24,43.306,38.7332,6.99,0.53,Ml,3.4,Tuşba (Van),145433
2011-10-28 12:36:19,43.453,38.7163,7.06,0.97,Ml,3.4,Tuşba (Van),143386
2011-10-24 06:53:08,36.1182,36.9752,7.01,0.76,Ml,3.4,Erzin (Hatay),142248
2011-10-27 09:26:23,43.6023,38.6833,18.15,0.56,Ml,3.4,Erçek Gölü - [03.91 km] İpekyolu (Van),143098
2011-11-01 10:10:27,43.5633,38.9048,8.59,0.62,Ml,3.4,Tuşba (Van),144301
2011-10-25 08:49:55,43.4828,38.7667,11.88,0.9,Ml,3.4,Tuşba (Van),142606
2011-10-26 02:54:16,43.084,38.6705,7.19,0.77,Ml,3.4,Van Gölü - [09.14 km] Tuşba (Van),142805
2011-10-28 12:45:19,43.5342,38.6628,6.23,0.74,Ml,3.4,Erçek Gölü - [02.00 km] Tuşba (Van),143389
2011-10-24 12:21:40,43.017,38.6288,11.62,0.69,Ml,3.4,Van Gölü - [15.87 km] Tuşba (Van),142321
2011-10-30 17:38:25,43.4867,38.72,7.0,0.84,Ml,3.4,Tuşba (Van),143888
2011-10-26 04:23:50,43.403,38.7728,6.84,0.82,Ml,3.4,Tuşba (Van),142818
2011-11-07 10:00:46,43.5198,38.7077,15.02,0.78,Ml,3.4,Tuşba (Van),145812
2011-10-25 08:36:03,43.06,38.6492,6.91,0.88,Ml,3.4,Van Gölü - [11.62 km] Tuşba (Van),142603
2011-11-08 01:30:43,43.3985,38.746,6.85,0.54,Ml,3.4,Tuşba (Van),145952
2011-10-31 00:28:27,43.5667,38.9668,2.4,0.5535,Ml,3.4,Van Gölü - [04.18 km] Erciş (Van),143990
2011-10-28 06:21:22,43.1138,38.6675,6.98,0.54,Ml,3.4,Van Gölü - [06.60 km] Tuşba (Van),143317
2011-10-27 09:09:13,43.1208,38.6802,6.9,0.56,Ml,3.4,Van Gölü - [05.92 km] Tuşba (Van),143097
2011-11-07 13:54:57,43.2842,38.643,7.03,0.85,Ml,3.4,Tuşba (Van),145846
2011-11-02 18:45:45,43.2467,38.5995,7.14,0.54,Ml,3.4,Tuşba (Van),144613
2011-11-06 01:48:44,43.4855,38.8062,12.98,0.44,Ml,3.4,Tuşba (Van),145469
2011-11-07 18:15:19,43.5753,38.6997,6.88,0.81,Ml,3.4,Erçek Gölü - [05.29 km] İpekyolu (Van),145893
2011-11-07 13:36:01,43.4523,38.7405,7.0,0.66,Ml,3.4,Tuşba (Van),145845
2011-10-26 21:03:43,43.6238,38.8428,5.03,0.65,Ml,3.4,Tuşba (Van),142985
2011-10-26 01:25:04,43.6545,38.8632,3.66,0.71,Ml,3.3,Tuşba (Van),142791
2011-10-28 13:34:28,43.148,38.6583,6.99,0.65,Ml,3.3,Van Gölü - [04.10 km] Tuşba (Van),143397
2011-11-06 01:35:08,43.5625,38.843,7.14,0.55,Ml,3.3,Tuşba (Van),145464
2011-11-03 11:07:51,43.5915,38.8552,9.09,0.56,Ml,3.3,Tuşba (Van),144816
2011-11-04 07:13:23,43.1803,38.7045,7.02,0.57,Ml,3.3,Van Gölü - [02.83 km] Tuşba (Van),145009
2011-11-06 15:12:02,43.1905,38.679,6.97,0.74,Ml,3.3,Tuşba (Van),145605
2011-11-01 00:18:04,42.043,39.3647,7.0,0.64,Ml,3.3,Karaçoban (Erzurum),144222
2011-10-25 17:05:09,43.5458,38.7377,6.8,0.58,Md,3.3,Erçek Gölü - [01.76 km] İpekyolu (Van),142715
2011-10-31 23:40:03,43.1977,38.67,6.99,0.63,Ml,3.3,Tuşba (Van),144216
2011-10-31 16:32:17,43.3808,38.7387,20.59,0.41,Ml,3.3,Tuşba (Van),144127
2011-11-04 12:05:00,43.6153,38.9955,1.34,0.42,Ml,3.3,Muradiye (Van),145052
2011-11-02 13:34:02,43.4613,38.8253,7.0,0.42,Ml,3.3,Tuşba (Van),144563
2011-11-02 13:33:11,43.4668,38.8435,7.01,0.64,Ml,3.3,Tuşba (Van),144562
2011-10-31 18:45:07,43.5497,38.9252,13.93,0.57,Ml,3.3,Van Gölü - [01.86 km] Tuşba (Van),144153
2011-11-06 08:24:50,43.4602,38.8253,7.03,0.74,Ml,3.3,Tuşba (Van),145522
2011-10-26 22:08:12,43.6008,38.9335,12.49,0.82,Ml,3.3,Van Gölü - [03.37 km] Tuşba (Van),142996
2011-10-31 17:46:43,43.0665,38.6523,6.99,0.61,Ml,3.3,Van Gölü - [10.98 km] Tuşba (Van),144145
2011-11-06 08:46:58,43.512,38.8535,5.0,0.73,Ml,3.3,Tuşba (Van),145527
2011-11-02 19:16:05,43.5532,38.9568,9.89,0.73,Ml,3.3,Van Gölü - [04.59 km] Erciş (Van),144626
2011-11-02 04:38:02,43.541,38.8577,11.98,0.95,Md,3.3,Tuşba (Van),144503
2011-10-26 21:24:39,43.5272,38.7778,7.05,0.81,Ml,3.3,Tuşba (Van),142990
2011-11-04 12:25:03,43.1587,38.7165,6.97,0.33,Ml,3.3,Van Gölü - [04.98 km] Tuşba (Van),145057
2011-10-26 03:51:08,43.5802,38.9232,3.6,0.84,Ml,3.3,Van Gölü - [02.12 km] Tuşba (Van),142813
2011-11-07 18:52:22,39.5893,38.6103,18.94,0.55,Ml,3.3,Merkez (Elazığ),145898
2011-11-08 00:22:03,43.6668,38.6575,7.12,0.72,Md,3.3,İpekyolu (Van),145943
2011-10-26 02:39:31,43.5407,38.7182,7.37,0.66,Ml,3.3,Erçek Gölü - [04.06 km] Tuşba (Van),142804
2011-10-26 04:00:08,43.3745,38.7245,3.75,0.35,Ml,3.3,Tuşba (Van),142816
2011-10-26 14:07:36,43.6135,38.6933,6.91,0.56,Ml,3.3,Erçek Gölü - [02.69 km] İpekyolu (Van),142921
2011-10-26 14:34:48,43.5147,38.6632,7.31,0.74,Ml,3.3,Tuşba (Van),142928
2011-11-07 16:41:12,43.5157,38.827,16.86,0.97,Ml,3.3,Tuşba (Van),145877
2011-11-04 13:10:42,43.5742,38.8332,14.7,0.95,Ml,3.3,Tuşba (Van),145064
2011-10-26 21:21:36,36.2618,37.2847,7.0,0.76,Ml,3.3,Düziçi (Osmaniye),142988
2011-11-07 16:35:43,43.6925,38.6825,7.03,0.8,Ml,3.3,İpekyolu (Van),145876
2011-10-25 17:30:14,43.572,38.8247,6.98,0.9,Ml,3.3,Tuşba (Van),142724
2011-10-27 08:40:04,43.857,37.3425,17.54,0.32,Md,3.3,Çukurca (Hakkari),143093
2011-11-01 20:36:33,43.2905,38.7362,12.79,0.91,Ml,3.3,Tuşba (Van),144406
2011-10-26 18:52:57,43.0885,38.654,7.16,0.84,Ml,3.3,Van Gölü - [09.08 km] Tuşba (Van),142960
2011-11-03 12:51:34,43.1797,38.6997,6.96,0.62,Ml,3.3,Van Gölü - [02.65 km] Tuşba (Van),144824
2011-10-28 14:07:33,43.5867,38.9298,17.81,0.75,Ml,3.3,Van Gölü - [02.75 km] Tuşba (Van),143401
2011-11-03 12:50:05,43.0545,38.6743,7.01,0.46,Ml,3.3,Van Gölü - [11.68 km] Tuşba (Van),144823
2011-10-24 10:39:18,43.3042,38.725,2.2,0.8,Ml,3.3,Tuşba (Van),142308
2011-10-24 10:43:55,43.2948,38.7013,6.98,0.86,Ml,3.3,Tuşba (Van),142309
2011-11-07 15:53:32,43.5923,38.6988,7.01,0.87,Ml,3.3,Erçek Gölü - [04.53 km] İpekyolu (Van),145865
2011-11-01 17:59:20,43.154,38.641,7.01,0.32,Ml,3.3,Tuşba (Van),144379
2011-10-26 17:37:08,43.5133,38.7227,7.0,0.98,Ml,3.3,Tuşba (Van),142946
2011-10-26 00:53:29,43.5883,38.8537,4.92,0.71,Ml,3.3,Tuşba (Van),142781
2011-10-27 02:40:22,43.633,38.8267,17.99,0.59,Ml,3.3,Muradiye (Van),143030
2011-10-24 12:46:46,43.3738,38.7297,6.97,0.43,Md,3.3,Tuşba (Van),142324
2011-10-28 10:59:02,39.9968,38.7228,5.67,0.86,Ml,3.3,Palu (Elazığ),143368
2011-10-31 15:01:02,43.611,38.7208,7.01,0.65,Ml,3.3,Erçek Gölü - [03.16 km] İpekyolu (Van),144115
2011-11-06 05:31:08,43.46,38.8203,6.96,0.7,Ml,3.3,Tuşba (Van),145496
2011-10-23 10:53:41,43.2038,38.7383,7.0,0.3,Md,3.3,Tuşba (Van),141936
2011-10-31 00:28:28,43.5612,38.8087,7.0,0.49,Ml,3.3,Tuşba (Van),143991
2011-10-25 19:35:32,43.6612,38.8478,5.0,0.71,Ml,3.3,Muradiye (Van),142744
2011-10-30 22:52:47,43.5723,38.8882,10.02,0.83,Ml,3.3,Tuşba (Van),143967
2011-11-07 09:30:58,43.4623,38.8113,6.95,0.5,Ml,3.3,Tuşba (Van),145807
2011-10-31 02:29:01,43.178,38.6572,7.0,0.53,Ml,3.3,Tuşba (Van),144017
2011-11-05 22:59:35,43.6155,38.8185,11.83,0.5,Ml,3.3,Muradiye (Van),145445
2011-10-31 02:11:04,43.5618,38.8618,6.88,0.8,Ml,3.3,Tuşba (Van),144013
2011-11-03 10:46:03,44.2907,38.671,9.54,0.53,Ml,3.3,"Khoy, West Azarbaijan (İran) - [06.05 km] Saray (Van)",144813
2011-11-03 11:56:18,43.218,38.5992,15.23,0.68,Ml,3.3,Tuşba (Van),144820
2011-11-04 14:28:34,43.4595,38.8412,5.76,0.45,Ml,3.2,Tuşba (Van),145086
2011-11-04 14:39:47,43.3565,38.6815,7.04,0.43,Ml,3.2,Tuşba (Van),145087
2011-10-27 00:08:25,43.2437,38.716,6.14,0.48,Ml,3.2,Tuşba (Van),143007
2011-10-24 12:02:03,42.865,38.6675,7.0,0.15,Md,3.2,Van Gölü - [13.55 km] Adilcevaz (Bitlis),142318
2011-11-05 19:24:27,43.5082,38.8272,16.31,0.51,Ml,3.2,Tuşba (Van),145403
2011-11-05 19:25:38,43.5797,38.7108,6.84,0.54,Ml,3.2,Erçek Gölü - [04.20 km] İpekyolu (Van),145404
2011-11-06 13:49:36,42.987,38.8257,7.0,0.83,Ml,3.2,Adilcevaz (Bitlis),145585
2011-10-28 06:32:03,43.6188,38.8393,10.62,0.84,Ml,3.2,Tuşba (Van),143320
2011-11-10 05:08:59,43.2068,38.4783,7.02,0.86,Ml,3.2,Van Gölü - [10.85 km] Tuşba (Van),146421
2011-10-31 18:13:58,43.5497,38.8635,12.16,0.64,Ml,3.2,Tuşba (Van),144149
2011-10-27 02:32:44,43.1358,38.677,7.06,0.87,Ml,3.2,Van Gölü - [04.60 km] Tuşba (Van),143028
2011-11-10 07:30:45,43.657,38.7965,7.0,0.67,Ml,3.2,Muradiye (Van),146438
2011-11-05 20:24:34,43.5072,38.8057,13.17,0.38,Ml,3.2,Tuşba (Van),145414
2011-11-01 00:30:02,38.695,39.6347,6.97,0.57,Md,3.2,Kemah (Erzincan),144225
2011-10-30 23:11:54,43.2035,38.6615,6.94,0.78,Ml,3.2,Tuşba (Van),143972
2011-10-31 02:43:04,42.9697,39.004,7.0,0.34,Ml,3.2,Adilcevaz (Bitlis),144020
2011-11-07 08:43:07,43.3853,38.7027,6.93,0.92,Ml,3.2,Tuşba (Van),145805
2011-10-28 13:03:29,43.4675,38.7592,21.25,0.6,Ml,3.2,Tuşba (Van),143394
2011-11-10 06:30:20,43.3002,38.4525,6.08,0.2,Ml,3.2,Van Gölü - [07.80 km] Tuşba (Van),146433
2011-11-07 08:06:49,43.3628,38.744,7.0,0.89,Ml,3.2,Tuşba (Van),145801
2011-11-01 01:21:39,43.5165,38.8297,6.94,0.43,Ml,3.2,Tuşba (Van),144234
2011-10-27 09:41:22,42.9808,39.021,7.03,0.39,Md,3.2,Adilcevaz (Bitlis),143099
2011-10-28 12:32:16,43.1432,38.6255,7.02,0.48,Ml,3.2,Tuşba (Van),143385
2011-11-07 10:51:01,43.2483,38.6702,7.02,0.89,Ml,3.2,Tuşba (Van),145819
2011-10-31 15:03:44,43.5,38.9062,7.05,0.46,Ml,3.2,Van Gölü - [04.06 km] Tuşba (Van),144116
2011-10-26 17:33:43,43.6897,38.8417,3.56,0.91,Ml,3.2,Muradiye (Van),142945
2011-10-27 08:52:42,43.3782,38.677,29.27,0.83,Md,3.2,Tuşba (Van),143096
2011-10-26 01:23:42,43.74,38.784,7.89,0.93,Ml,3.2,Muradiye (Van),142790
2011-11-01 21:39:10,43.5575,38.9623,10.06,0.77,Ml,3.2,Van Gölü - [04.16 km] Erciş (Van),144420
2011-10-25 15:48:25,43.5943,38.8302,7.08,0.72,Md,3.2,Muradiye (Van),142699
2011-11-05 23:28:51,43.3285,38.751,6.97,0.52,Ml,3.2,Tuşba (Van),145448
2011-11-08 03:42:47,43.343,38.708,7.0,0.33,Md,3.2,Tuşba (Van),145962
2011-10-26 19:58:51,43.0953,38.597,6.99,0.81,Ml,3.2,Van Gölü - [10.69 km] Tuşba (Van),142972
2011-10-25 17:39:23,43.5028,38.7352,7.11,0.68,Md,3.2,Tuşba (Van),142726
2011-10-26 19:45:15,43.2158,38.7822,6.95,0.47,Ml,3.2,Van Gölü - [03.59 km] Tuşba (Van),142968
2011-11-06 02:37:44,43.2517,38.6783,7.01,0.53,Ml,3.2,Tuşba (Van),145476
2011-10-26 23:51:25,43.5263,38.8243,7.0,0.77,Ml,3.2,Tuşba (Van),143001
2011-10-26 01:19:45,43.2552,38.6978,7.04,0.87,Md,3.2,Tuşba (Van),142788
2011-10-31 06:23:44,43.2303,38.6942,6.97,0.76,Ml,3.2,Tuşba (Van),144064
2011-10-27 08:20:17,43.1492,38.7697,6.95,0.43,Md,3.2,Van Gölü - [06.20 km] Tuşba (Van),143090
2011-10-26 14:34:46,42.6378,37.5882,6.88,0.35,Ml,3.2,Merkez (Şırnak),142927
2011-11-07 13:34:08,43.553,38.7225,7.0,0.64,Ml,3.2,Erçek Gölü - [02.78 km] İpekyolu (Van),145843
2011-10-28 14:55:57,43.2243,38.6067,7.0,0.75,Ml,3.2,Tuşba (Van),143412
2011-10-28 14:21:43,43.5503,38.8765,7.0,0.84,Ml,3.2,Tuşba (Van),143408
2011-10-28 14:12:26,43.5677,38.8907,7.04,0.53,Ml,3.2,Tuşba (Van),143404
2011-11-01 23:10:21,43.4932,38.8252,6.93,0.55,Ml,3.2,Tuşba (Van),144439
2011-10-26 23:56:00,43.5843,38.9647,7.45,0.9,Ml,3.2,Van Gölü - [02.64 km] Muradiye (Van),143003
2011-10-26 03:58:30,43.1278,38.6133,7.09,0.71,Ml,3.2,Van Gölü - [08.02 km] Tuşba (Van),142815
2011-10-31 01:09:24,43.5962,38.7157,22.35,0.81,Ml,3.2,Erçek Gölü - [04.05 km] İpekyolu (Van),143998
2011-10-26 03:52:35,43.6517,38.8018,6.42,0.7,Md,3.2,Muradiye (Van),142814
2011-10-30 22:16:03,43.5217,38.8977,7.41,0.6,Ml,3.2,Van Gölü - [02.48 km] Tuşba (Van),143958
2011-10-30 18:21:30,43.5678,38.8697,7.0,0.75,Ml,3.2,Tuşba (Van),143899
2011-10-25 09:22:06,43.1563,38.6917,8.76,0.96,Ml,3.2,Van Gölü - [03.26 km] Tuşba (Van),142614
2011-11-10 12:40:19,39.5748,38.5993,6.9,0.68,Ml,3.1,Merkez (Elazığ),146462
2011-10-26 01:22:04,43.157,38.7262,7.4,0.93,Ml,3.1,Van Gölü - [05.26 km] Tuşba (Van),142789
2011-10-26 01:15:50,43.1775,38.6888,6.44,0.45,Ml,3.1,Van Gölü - [01.64 km] Tuşba (Van),142786
2011-10-26 01:01:14,43.5448,38.8045,3.35,0.53,Ml,3.1,Tuşba (Van),142782
2011-10-25 08:17:33,43.338,38.7192,7.04,0.62,Ml,3.1,Tuşba (Van),142598
2011-11-01 23:44:16,43.2038,38.7042,6.98,0.41,Ml,3.1,Tuşba (Van),144446
2011-10-25 08:56:42,43.1872,38.6835,6.39,0.53,Ml,3.1,Tuşba (Van),142608
2011-10-25 09:04:17,43.062,38.645,6.93,0.99,Ml,3.1,Van Gölü - [11.58 km] Tuşba (Van),142611
2011-10-27 08:40:01,43.5072,38.839,6.9,0.8,Ml,3.1,Tuşba (Van),143092
2011-11-01 23:39:37,43.1963,38.7055,7.01,0.34,Ml,3.1,Van Gölü - [01.49 km] Tuşba (Van),144445
2011-11-07 13:33:59,43.0498,38.72,7.0,0.64,Ml,3.1,Van Gölü - [13.00 km] Tuşba (Van),145842
2011-10-27 05:31:20,43.3042,38.7722,7.0,0.37,Ml,3.1,Tuşba (Van),143057
2011-10-25 15:00:21,43.5338,38.8767,7.02,0.74,Md,3.1,Tuşba (Van),142683
2011-10-27 03:58:46,43.1162,38.7123,6.99,0.61,Ml,3.1,Van Gölü - [07.43 km] Tuşba (Van),143039
2011-10-25 15:07:58,43.6385,38.8482,6.85,0.51,Md,3.1,Tuşba (Van),142687
2011-10-25 15:12:35,43.5145,38.8873,6.61,0.93,Md,3.1,Van Gölü - [02.67 km] Tuşba (Van),142688
2011-10-27 00:51:13,43.2965,38.6917,7.03,0.9,Ml,3.1,Tuşba (Van),143012
2011-11-07 09:38:43,40.7565,39.4363,6.99,0.64,Ml,3.1,Çat (Erzurum),145808
2011-10-27 00:04:30,43.0933,38.6512,6.51,0.79,Ml,3.1,Van Gölü - [08.78 km] Tuşba (Van),143006
2011-10-25 16:44:58,43.072,38.6332,7.45,0.74,Md,3.1,Van Gölü - [11.26 km] Tuşba (Van),142711
2011-11-07 10:54:13,43.5413,38.932,8.9,0.63,Ml,3.1,Van Gölü - [02.64 km] Tuşba (Van),145820
2011-11-07 10:54:24,39.6018,38.6083,7.0,0.39,Ml,3.1,Merkez (Elazığ),145821
2011-11-09 00:36:27,43.2238,38.6048,6.99,0.78,Ml,3.1,Tuşba (Van),146144
2011-11-01 21:47:13,43.1753,38.632,7.21,0.83,Ml,3.1,Tuşba (Van),144422
2011-11-09 00:02:04,43.0488,38.6145,7.01,0.7,Ml,3.1,Van Gölü - [14.01 km] Tuşba (Van),146140
2011-11-02 18:03:01,43.1932,38.6262,15.23,0.77,Ml,3.1,Tuşba (Van),144601
2011-10-26 18:49:55,43.0855,38.6622,6.96,0.77,Ml,3.1,Van Gölü - [09.13 km] Tuşba (Van),142959
2011-10-25 18:02:58,43.2558,38.6962,7.11,0.4,Md,3.1,Tuşba (Van),142730
2011-11-08 23:21:39,43.5458,38.8745,6.43,0.73,Ml,3.1,Tuşba (Van),146132
2011-11-08 22:41:14,43.5052,38.7243,7.0,0.75,Md,3.1,Tuşba (Van),146126
2011-11-02 22:11:33,43.5313,38.8818,7.75,0.61,Md,3.1,Tuşba (Van),144669
2011-11-08 21:46:10,42.4927,37.4828,10.44,0.48,Ml,3.1,Merkez (Şırnak),146115
2011-10-24 11:58:41,43.3033,38.7063,8.6,0.75,Ml,3.1,Tuşba (Van),142316
2011-11-03 06:32:20,43.2865,38.6892,6.96,0.53,Ml,3.1,Tuşba (Van),144780
2011-10-28 07:27:40,43.5338,38.8588,5.41,0.57,Ml,3.1,Tuşba (Van),143328
2011-10-24 12:01:18,43.5067,38.9085,7.01,0.17,Md,3.1,Van Gölü - [03.47 km] Tuşba (Van),142317
2011-10-24 12:05:42,43.3862,38.6343,6.99,0.8,Md,3.1,Tuşba (Van),142319
2011-10-28 06:22:25,43.0353,38.7607,7.0,0.4,Ml,3.1,Van Gölü - [04.13 km] Adilcevaz (Bitlis),143318
2011-10-28 06:19:23,43.104,38.734,7.02,0.3,Ml,3.1,Van Gölü - [09.53 km] Tuşba (Van),143315
2011-11-01 17:24:16,43.2778,38.6757,6.97,0.51,Ml,3.1,Tuşba (Van),144375
2011-11-10 15:04:02,43.2258,38.508,7.04,0.68,Ml,3.1,Van Gölü - [07.64 km] Tuşba (Van),146478
2011-10-31 14:24:39,43.5478,38.8628,7.0,0.52,Md,3.1,Tuşba (Van),144107
2011-10-30 23:42:52,43.5745,38.712,6.89,0.84,Ml,3.1,Erçek Gölü - [03.94 km] İpekyolu (Van),143979
2011-10-23 12:34:43,43.3052,38.8248,6.96,0.88,Md,3.1,Tuşba (Van),141964
2011-10-23 13:47:48,43.4025,38.781,8.28,0.95,Md,3.1,Tuşba (Van),141986
2011-10-23 16:54:48,43.3,38.721,7.0,0.36,Ml,3.1,Tuşba (Van),142046
2011-10-30 18:36:03,43.6087,38.7413,7.0,0.61,Ml,3.1,İpekyolu (Van),143906
2011-10-31 01:34:50,43.1845,38.6143,6.98,0.69,Ml,3.1,Van Gölü - [03.38 km] Tuşba (Van),144004
2011-11-06 01:13:08,43.3015,38.7593,6.98,0.6,Ml,3.1,Tuşba (Van),145461
2011-10-30 17:26:56,43.5566,38.7829,16.73,0.7824,Ml,3.1,İpekyolu (Van),143882
2011-11-01 11:38:28,43.6103,38.7183,23.2,0.6,Ml,3.1,Erçek Gölü - [03.45 km] İpekyolu (Van),144319
2011-11-01 11:37:33,43.1982,38.7253,7.0,0.55,Ml,3.1,Van Gölü - [02.48 km] Tuşba (Van),144318
2011-10-26 05:34:49,43.1483,38.684,7.0,0.01,Md,3.1,Van Gölü - [03.60 km] Tuşba (Van),142827
2011-11-01 11:12:42,43.0708,38.6857,7.0,0.58,Ml,3.1,Van Gölü - [10.30 km] Tuşba (Van),144312
2011-11-02 19:36:15,43.4903,38.6855,19.57,0.86,Ml,3.1,Tuşba (Van),144633
2011-11-06 05:35:43,43.5073,38.7385,6.88,0.62,Ml,3.1,Tuşba (Van),145497
2011-11-01 10:05:18,43.1803,38.601,7.21,0.84,Ml,3.1,Van Gölü - [03.29 km] Tuşba (Van),144299
2011-11-01 05:04:43,43.2555,38.7492,7.06,0.44,Ml,3.1,Tuşba (Van),144264
2011-11-01 02:33:19,43.1915,38.6965,7.01,0.56,Ml,3.1,Tuşba (Van),144243
2011-11-04 07:31:13,43.301,38.8007,7.01,0.56,Ml,3.1,Tuşba (Van),145011
2011-11-02 19:26:46,43.207,38.6358,6.99,0.93,Ml,3.1,Tuşba (Van),144628
2011-10-31 18:07:27,43.6117,38.8202,7.01,0.75,Ml,3.1,Muradiye (Van),144146
2011-10-31 17:38:19,43.3305,38.8367,7.01,0.5,Ml,3.1,Tuşba (Van),144142
2011-11-02 01:09:35,43.5447,38.853,5.0,0.71,Ml,3.1,Tuşba (Van),144464
2011-11-06 09:26:49,43.1118,38.7178,7.06,0.61,Ml,3.1,Van Gölü - [08.08 km] Tuşba (Van),145533
2011-10-26 01:37:45,43.661,38.7707,7.01,0.66,Md,3.1,Muradiye (Van),142793
2011-11-02 19:06:02,43.5503,38.9628,9.35,0.42,Ml,3.0,Van Gölü - [03.87 km] Erciş (Van),144621
2011-10-31 02:28:08,43.578,38.9017,12.73,0.63,Ml,3.0,Tuşba (Van),144016
2011-11-10 06:26:19,43.2693,38.4705,7.0,0.6,Ml,3.0,Van Gölü - [07.08 km] Tuşba (Van),146432
2011-11-10 07:59:00,43.2455,38.4565,7.0,0.4,Ml,3.0,Van Gölü - [09.60 km] Tuşba (Van),146441
2011-11-08 14:31:57,43.5403,38.7138,6.99,0.79,Md,3.0,Erçek Gölü - [04.11 km] Tuşba (Van),146028
2011-11-07 14:08:05,43.5418,38.9508,11.02,0.77,Ml,3.0,Van Gölü - [05.03 km] Erciş (Van),145847
2011-11-07 14:19:34,43.6752,38.7302,2.4,0.7,Ml,3.0,İpekyolu (Van),145848
2011-11-08 05:56:20,43.404,38.7892,7.0,0.87,Ml,3.0,Tuşba (Van),145973
2011-11-07 19:19:52,43.5388,38.9627,8.86,0.62,Ml,3.0,Van Gölü - [03.69 km] Erciş (Van),145902
2011-11-08 00:52:47,43.5278,38.8595,7.0,0.16,Md,3.0,Tuşba (Van),145946
2011-10-31 02:37:41,39.3297,38.4782,7.06,0.57,Ml,3.0,Hazar Gölü - [02.59 km] Sivrice (Elazığ),144019
2011-11-07 07:31:19,43.6062,38.882,19.27,0.63,Ml,3.0,Tuşba (Van),145796
2011-11-05 19:47:02,43.5137,38.8127,6.97,0.57,Ml,3.0,Tuşba (Van),145407
2011-11-05 19:56:06,43.4792,38.807,7.05,0.42,Ml,3.0,Tuşba (Van),145410
2011-11-05 21:25:40,43.1427,38.6195,6.96,0.33,Ml,3.0,Van Gölü - [06.95 km] Tuşba (Van),145425
2011-11-05 21:35:57,43.2488,38.6458,7.0,0.38,Ml,3.0,Tuşba (Van),145429
2011-11-05 22:20:19,43.5313,38.5933,14.26,0.79,Ml,3.0,İpekyolu (Van),145437
2011-11-06 01:11:02,43.5283,38.886,16.02,0.66,Ml,3.0,Tuşba (Van),145460
2011-11-06 01:16:38,43.5475,38.9283,2.31,0.62,Ml,3.0,Van Gölü - [02.19 km] Tuşba (Van),145462
2011-11-06 10:33:31,43.4457,38.5345,6.97,0.99,Ml,3.0,İpekyolu (Van),145546
2011-11-04 06:26:43,43.6048,38.7962,6.96,0.76,Ml,3.0,İpekyolu (Van),144997
2011-11-04 06:44:17,43.6145,38.6912,7.01,0.68,Ml,3.0,Erçek Gölü - [02.64 km] İpekyolu (Van),145001
2011-11-04 06:57:01,43.5183,38.8808,15.58,0.67,Md,3.0,Tuşba (Van),145005
2011-11-04 08:10:25,43.5393,38.76,6.95,0.96,Ml,3.0,Tuşba (Van),145017
2011-11-04 08:34:49,43.2765,38.6278,6.13,0.73,Ml,3.0,Tuşba (Van),145021
2011-11-04 08:49:59,43.5068,38.71,6.99,0.94,Ml,3.0,Tuşba (Van),145023
2011-11-02 19:45:59,43.3772,38.7713,7.12,0.59,Ml,3.0,Tuşba (Van),144636
2011-11-02 23:47:20,43.747,38.6168,1.57,0.63,Ml,3.0,İpekyolu (Van),144685
2011-11-02 09:41:59,43.2208,38.669,7.0,0.28,Ml,3.0,Tuşba (Van),144531
2011-11-03 07:59:31,43.3173,38.7543,7.0,0.39,Ml,3.0,Tuşba (Van),144790
2011-11-03 10:48:14,43.1625,38.6467,7.0,0.46,Ml,3.0,Tuşba (Van),144814
2011-11-03 11:28:18,42.9638,38.44,7.0,0.34,Ml,3.0,Van Gölü - [07.37 km] Gevaş (Van),144818
2011-11-01 20:26:23,43.5848,38.8828,16.27,0.76,Ml,3.0,Tuşba (Van),144403
2011-11-01 20:59:14,43.0317,38.6398,7.02,0.55,Ml,3.0,Van Gölü - [14.27 km] Tuşba (Van),144410
2011-11-01 21:43:02,40.5905,39.4438,7.01,0.55,Ml,3.0,Yedisu (Bingöl),144421
2011-11-01 22:01:58,43.3593,38.7585,7.08,0.4,Ml,3.0,Tuşba (Van),144425
2011-11-01 22:05:31,38.7885,39.62,5.33,0.24,Md,3.0,Kemah (Erzincan),144427
2011-11-01 22:55:49,43.5627,38.9002,7.23,0.24,Ml,3.0,Tuşba (Van),144436
2011-11-01 22:59:37,43.3852,38.7247,7.0,0.39,Ml,3.0,Tuşba (Van),144437
2011-11-01 23:50:05,43.5538,38.87,14.19,0.28,Ml,3.0,Tuşba (Van),144447
2011-11-02 00:11:33,43.2518,38.6395,7.15,0.45,Ml,3.0,Tuşba (Van),144449
2011-10-31 18:08:11,43.138,38.6282,7.0,0.33,Md,3.0,Tuşba (Van),144147
2011-10-31 23:02:43,43.2507,38.7157,6.99,0.45,Ml,3.0,Tuşba (Van),144208
2011-11-01 02:18:22,43.5452,38.8465,7.13,0.56,Md,3.0,Tuşba (Van),144242
2011-11-01 10:24:30,43.569,38.8895,6.18,0.9,Ml,3.0,Tuşba (Van),144305
2011-11-01 10:40:50,43.1667,38.6068,7.0,0.83,Ml,3.0,Van Gölü - [04.56 km] Tuşba (Van),144307
2011-11-01 11:11:49,43.6588,38.8078,7.04,0.76,Ml,3.0,Muradiye (Van),144311
2011-11-01 11:39:52,43.1092,38.7272,6.97,0.46,Ml,3.0,Van Gölü - [08.89 km] Tuşba (Van),144320
2011-10-30 17:31:46,43.4967,38.775,7.0,0.91,Ml,3.0,Tuşba (Van),143883
2011-10-30 18:27:06,43.4815,38.7432,7.0,0.94,Ml,3.0,Tuşba (Van),143903
2011-10-30 21:05:06,38.8068,37.4507,6.98,0.5,Ml,3.0,Karaköprü (Şanlıurfa),143943
2011-10-30 21:53:53,43.7583,38.5925,5.99,0.92,Ml,3.0,İpekyolu (Van),143951
2011-10-30 22:55:18,43.2337,38.6448,7.0,0.98,Ml,3.0,Tuşba (Van),143969
2011-10-30 23:02:22,43.8913,37.3377,4.76,0.5,Ml,3.0,Çukurca (Hakkari),143970
2011-10-31 00:00:38,43.5708,38.8257,7.16,0.63,Ml,3.0,Tuşba (Van),143984
2011-10-31 00:10:49,43.6953,38.8027,7.02,0.99,Ml,3.0,Muradiye (Van),143986
2011-10-31 06:01:36,43.2658,38.6997,7.0,0.52,Ml,3.0,Tuşba (Van),144058
2011-10-31 06:01:57,43.5322,38.4958,15.83,0.79,Ml,3.0,İpekyolu (Van),144059
2011-10-28 12:39:36,43.3005,38.641,24.46,0.27,Ml,3.0,Tuşba (Van),143387
2011-10-28 07:07:33,43.097,38.7033,7.0,0.28,Md,3.0,Van Gölü - [08.50 km] Tuşba (Van),143327
2011-10-26 18:06:27,43.261,38.67,8.32,0.81,Ml,3.0,Tuşba (Van),142951
2011-10-26 21:32:27,43.4582,38.832,5.81,0.96,Ml,3.0,Tuşba (Van),142991
2011-10-27 04:38:58,43.1938,38.6187,15.99,0.75,Ml,3.0,Tuşba (Van),143048
2011-10-26 00:31:48,43.02,38.7305,6.98,0.58,Ml,3.0,Van Gölü - [06.69 km] Adilcevaz (Bitlis),142775
2011-10-26 01:13:49,43.5575,38.8582,7.11,0.66,Ml,3.0,Tuşba (Van),142785
2011-10-26 01:52:56,38.7503,39.6102,6.92,0.31,Md,3.0,Kemah (Erzincan),142795
2011-10-26 02:31:31,43.6273,38.7142,6.57,0.29,Ml,3.0,Erçek Gölü - [02.50 km] İpekyolu (Van),142802
2011-10-26 02:35:40,43.5132,38.8885,4.83,0.77,Ml,3.0,Van Gölü - [02.79 km] Tuşba (Van),142803
2011-10-26 03:46:35,43.6508,38.8025,6.41,0.86,Ml,3.0,Muradiye (Van),142812
2011-10-26 14:15:25,43.6738,38.622,7.68,0.35,Ml,3.0,İpekyolu (Van),142924
2011-10-26 17:39:04,43.6217,38.8048,10.64,0.08014,Ml,3.0,Muradiye (Van),142947
2011-10-25 08:29:39,43.6429,38.8783,20.14,0.8587,Ml,3.0,Tuşba (Van),142600
2011-10-25 09:09:07,43.5208,38.749,7.07,0.92,Ml,3.0,Tuşba (Van),142612
2011-10-25 09:10:54,43.3143,38.7505,7.03,0.83,Ml,3.0,Tuşba (Van),142613
2011-10-25 15:02:16,43.268,38.779,6.9,0.96,Md,3.0,Van Gölü - [02.08 km] Tuşba (Van),142684
2011-10-25 15:39:04,43.6262,38.9113,6.98,0.59,Md,3.0,Tuşba (Van),142697
2011-10-25 15:47:48,42.8767,38.6608,7.0,0.28,Md,3.0,Van Gölü - [14.27 km] Adilcevaz (Bitlis),142698
2011-10-24 10:56:54,43.3832,38.7588,8.44,0.64,Ml,3.0,Tuşba (Van),142311
2011-10-24 11:00:11,43.2968,38.7067,7.89,0.9,Ml,3.0,Tuşba (Van),142312
2011-10-24 14:12:26,43.4938,38.7427,7.02,0.35,Md,3.0,Tuşba (Van),142337
2011-10-23 12:38:33,43.1828,38.7328,7.0,0.43,Md,3.0,Van Gölü - [02.91 km] Tuşba (Van),141965
2011-10-23 13:11:20,43.125,38.649,7.0,0.84,Md,3.0,Van Gölü - [06.35 km] Tuşba (Van),141976
2011-10-23 13:12:30,43.0758,38.7165,7.79,0.68,Md,3.0,Van Gölü - [10.76 km] Tuşba (Van),141977
2011-10-23 16:58:25,43.1423,38.7073,6.98,0.25,Md,3.0,Van Gölü - [05.26 km] Tuşba (Van),142047
2011-11-02 00:53:48,43.5205,38.9058,5.39,0.6,Ml,2.9,Van Gölü - [02.29 km] Tuşba (Van),144461
2011-10-30 21:13:53,43.5497,38.978,9.86,0.63,Ml,2.9,Erciş (Van),143944
2011-10-23 11:36:13,43.4565,38.7305,6.24,0.99,Md,2.9,Tuşba (Van),141949
2011-11-06 09:08:30,43.4845,38.8345,6.97,0.4,Md,2.9,Tuşba (Van),145530
2011-10-30 20:40:08,43.216,38.7365,7.0,0.41,Ml,2.9,Tuşba (Van),143937
2011-10-31 15:53:41,43.1525,38.6402,7.0,0.43,Md,2.9,Tuşba (Van),144124
2011-10-30 20:26:16,43.1892,38.7132,7.0,0.34,Ml,2.9,Van Gölü - [02.42 km] Tuşba (Van),143934
2011-10-30 20:02:46,44.2065,38.6212,6.91,0.71,Ml,2.9,Saray (Van),143929
2011-10-30 18:35:43,43.5167,38.9588,13.04,0.46,Ml,2.9,Van Gölü - [04.45 km] Erciş (Van),143905
2011-11-02 01:27:51,43.5832,38.825,14.88,0.37,Md,2.9,Tuşba (Van),144470
2011-10-30 18:25:51,43.5065,38.5447,9.74,0.3977,Ml,2.9,İpekyolu (Van),143902
2011-10-30 18:24:03,43.7043,38.7075,7.0,0.44,Ml,2.9,İpekyolu (Van),143901
2011-10-30 18:02:21,43.5643,38.9315,13.57,0.36,Ml,2.9,Van Gölü - [02.96 km] Tuşba (Van),143895
2011-11-09 05:28:06,43.148,38.6383,6.98,0.51,Md,2.9,Tuşba (Van),146192
2011-10-23 16:45:21,43.1462,38.7307,7.02,0.42,Md,2.9,Van Gölü - [05.99 km] Tuşba (Van),142041
2011-11-02 01:52:25,43.1518,38.6862,7.0,0.33,Md,2.9,Van Gölü - [03.37 km] Tuşba (Van),144476
2011-10-30 18:00:43,43.22,38.6315,7.0,0.52,Ml,2.9,Tuşba (Van),143894
2011-10-30 17:52:31,43.5597,38.9323,12.34,0.51,Ml,2.9,Van Gölü - [02.86 km] Tuşba (Van),143891
2011-10-23 16:50:19,43.5078,38.6858,7.03,0.11,Ml,2.9,Tuşba (Van),142045
2011-11-08 14:21:20,43.0347,38.6005,7.0,0.63,Md,2.9,Van Gölü - [15.86 km] Tuşba (Van),146027
2011-11-01 11:54:38,43.4495,38.8387,6.98,0.8,Ml,2.9,Tuşba (Van),144322
2011-11-01 11:46:36,43.233,38.6608,7.0,0.7,Ml,2.9,Tuşba (Van),144321
2011-11-06 08:41:20,43.3813,38.7547,14.03,0.59,Ml,2.9,Tuşba (Van),145525
2011-10-27 02:27:02,43.6147,38.6825,6.49,0.93,Ml,2.9,Erçek Gölü - [02.98 km] İpekyolu (Van),143025
2011-11-06 10:43:46,43.1553,38.6952,7.06,0.58,Ml,2.9,Van Gölü - [03.55 km] Tuşba (Van),145548
2011-10-24 14:05:11,42.93,38.5592,7.06,0.52,Md,2.9,Van Gölü - [13.40 km] Gevaş (Van),142335
2011-10-31 18:09:53,43.4785,38.7352,7.0,0.12,Ml,2.9,Tuşba (Van),144148
2011-10-26 18:02:12,43.5862,38.8415,7.0,0.48,Ml,2.9,Tuşba (Van),142950
2011-11-04 07:45:42,43.229,38.696,6.97,0.35,Ml,2.9,Tuşba (Van),145014
2011-11-02 09:51:54,43.0685,38.6482,7.0,0.31,Ml,2.9,Van Gölü - [10.94 km] Tuşba (Van),144534
2011-11-07 08:41:34,43.533,38.93,15.71,0.56,Ml,2.9,Van Gölü - [02.65 km] Tuşba (Van),145804
2011-11-07 15:23:28,43.3297,38.7317,6.9,0.68,Ml,2.9,Tuşba (Van),145859
2011-11-02 18:22:17,43.57,38.8563,14.77,0.44,Ml,2.9,Tuşba (Van),144606
2011-11-01 03:04:30,43.2828,38.681,7.0,0.31,Md,2.9,Tuşba (Van),144246
2011-11-02 18:35:35,43.568,38.8858,7.04,0.7,Ml,2.9,Tuşba (Van),144610
2011-11-01 01:41:19,43.3053,38.7653,7.0,0.29,Md,2.9,Tuşba (Van),144237
2011-10-31 02:09:17,43.1548,38.6878,7.0,0.73,Ml,2.9,Van Gölü - [03.19 km] Tuşba (Van),144012
2011-11-01 00:47:09,43.416,38.7525,6.98,0.57,Ml,2.9,Tuşba (Van),144228
2011-11-02 18:38:19,43.6062,38.7072,7.0,0.64,Ml,2.9,Erçek Gölü - [03.53 km] İpekyolu (Van),144611
2011-10-31 16:13:48,43.1415,38.5573,6.98,0.86,Ml,2.9,Van Gölü - [08.11 km] Tuşba (Van),144126
2011-11-08 00:23:41,43.645,38.724,7.0,0.49,Md,2.9,İpekyolu (Van),145944
2011-11-04 08:16:18,43.6102,39.0227,9.52,0.29,Ml,2.9,Muradiye (Van),145018
2011-11-08 14:06:41,43.5175,38.7418,7.0,0.32,Md,2.9,Tuşba (Van),146024
2011-10-28 14:41:29,43.2038,38.752,7.0,0.66,Ml,2.9,Van Gölü - [01.15 km] Tuşba (Van),143411
2011-10-31 23:18:11,43.1045,38.7048,6.99,0.59,Ml,2.9,Van Gölü - [07.95 km] Tuşba (Van),144210
2011-11-06 06:41:19,43.5047,39.0168,5.0,0.54,Md,2.9,Erciş (Van),145510
2011-11-04 08:42:01,43.2637,38.8145,7.34,0.6,Ml,2.9,Van Gölü - [04.52 km] Tuşba (Van),145022
2011-10-28 14:37:08,43.1658,38.708,7.0,0.54,Ml,2.9,Van Gölü - [03.99 km] Tuşba (Van),143410
2011-11-09 04:10:08,43.169,36.8362,6.83,0.26,Md,2.9,"Dahuk, Duhok (Irak) - [55.47 km] Uludere (Şırnak)",146178
2011-10-23 16:49:02,43.4697,38.7033,6.72,0.19,Ml,2.9,Tuşba (Van),142043
2011-11-09 00:47:24,43.0713,38.7105,7.0,0.34,Ml,2.9,Van Gölü - [10.87 km] Tuşba (Van),146147
2011-10-28 07:56:49,43.5372,38.798,6.89,0.48,Md,2.9,Tuşba (Van),143330
2011-11-06 11:15:59,43.3053,38.7603,7.01,0.63,Ml,2.9,Tuşba (Van),145549
2011-11-07 18:35:05,43.424,39.0127,14.56,0.15,Ml,2.9,Erciş (Van),145896
2011-11-07 09:42:40,43.2507,38.707,7.0,0.44,Ml,2.9,Tuşba (Van),145809
2011-11-07 10:19:16,43.259,36.9587,7.11,0.31,Md,2.9,"Amedi, Duhok (Irak) - [40.25 km] Çukurca (Hakkari)",145813
2011-10-28 06:52:31,43.1548,38.6785,7.03,0.58,Md,2.9,Van Gölü - [02.95 km] Tuşba (Van),143324
2011-11-05 19:31:30,43.4557,38.7585,7.0,0.34,Ml,2.9,Tuşba (Van),145406
2011-11-08 23:53:46,43.1775,38.6763,7.0,0.45,Md,2.9,Tuşba (Van),146139
2011-11-06 04:16:53,43.707,38.8327,7.05,0.49,Ml,2.9,Muradiye (Van),145484
2011-10-27 02:15:26,43.1677,38.6792,4.73,0.55,Ml,2.9,Tuşba (Van),143024
2011-11-07 10:21:56,43.449,38.7712,6.98,0.72,Ml,2.9,Tuşba (Van),145814
2011-11-06 05:09:09,43.5433,38.7845,7.0,0.32,Ml,2.9,Tuşba (Van),145492
2011-11-08 07:30:52,43.4532,38.8842,7.72,0.98,Ml,2.9,Van Gölü - [05.42 km] Tuşba (Van),145982
2011-10-31 14:52:44,43.5585,38.8037,6.65,0.48,Md,2.9,Tuşba (Van),144114
2011-10-27 02:43:14,43.5317,38.7673,7.76,0.49,Ml,2.9,Tuşba (Van),143031
2011-10-31 14:52:14,43.3822,38.5387,8.57,0.21,Md,2.9,Tuşba (Van),144113
2011-10-26 00:46:53,40.9533,38.8305,7.03,0.41,Ml,2.9,Solhan (Bingöl),142779
2011-11-07 07:34:38,43.459,38.7877,6.95,0.96,Ml,2.9,Tuşba (Van),145798
2011-10-31 14:50:49,43.54,38.9085,11.75,0.31,Md,2.9,Tuşba (Van),144112
2011-11-02 23:00:45,43.1772,38.6513,6.95,0.23,Ml,2.9,Tuşba (Van),144677
2011-11-10 13:14:48,43.219,38.5002,6.48,0.51,Ml,2.9,Van Gölü - [08.68 km] Tuşba (Van),146469
2011-11-07 16:10:11,43.5913,38.6752,6.54,0.85,Ml,2.9,Erçek Gölü - [05.15 km] İpekyolu (Van),145870
2011-10-27 08:49:40,44.0067,37.3347,10.43,0.66,Md,2.9,Yüksekova (Hakkari),143094
2011-11-08 21:33:33,43.539,38.7217,6.87,0.6,Ml,2.9,Erçek Gölü - [03.82 km] Tuşba (Van),146112
2011-11-07 15:58:05,42.9923,38.6468,7.0,0.61,Ml,2.9,Van Gölü - [17.42 km] Tuşba (Van),145867
2011-11-07 15:21:14,43.321,38.7393,7.0,0.59,Ml,2.9,Tuşba (Van),145858
2011-10-26 01:03:04,43.5378,38.8982,2.84,0.49,Ml,2.9,Tuşba (Van),142783
2011-10-31 05:43:34,43.1102,38.6552,7.0,0.83,Ml,2.9,Van Gölü - [07.24 km] Tuşba (Van),144055
2011-11-07 10:40:02,36.5228,37.7108,7.55,0.73,Ml,2.9,Andırın (Kahramanmaraş),145818
2011-10-23 13:04:25,42.9778,38.0487,7.0,0.59,Md,2.9,Çatak (Van),141973
2011-10-26 22:23:41,43.4728,38.7292,6.46,0.9,Ml,2.9,Tuşba (Van),142997
2011-11-08 21:17:14,43.3668,38.8073,6.94,0.33,Ml,2.9,Tuşba (Van),146109
2011-11-07 08:21:11,43.139,38.6607,7.04,0.62,Ml,2.9,Van Gölü - [04.68 km] Tuşba (Van),145802
2011-10-31 01:13:16,43.6023,38.7032,5.09,0.5,Ml,2.9,Erçek Gölü - [03.73 km] İpekyolu (Van),143999
2011-11-03 07:34:07,43.5857,38.9273,15.74,0.56,Ml,2.9,Van Gölü - [02.48 km] Tuşba (Van),144788
2011-11-10 07:31:17,43.2362,38.4648,7.0,0.46,Ml,2.9,Van Gölü - [09.53 km] Tuşba (Van),146439
2011-10-31 02:08:30,43.1653,38.6775,7.0,0.82,Ml,2.9,Tuşba (Van),144011
2011-10-31 00:58:02,43.1407,38.6698,6.96,0.37,Ml,2.9,Van Gölü - [04.25 km] Tuşba (Van),143995
2011-10-24 07:07:20,42.9407,38.6903,7.0,0.67,Md,2.9,Van Gölü - [12.38 km] Adilcevaz (Bitlis),142251
2011-10-30 23:19:27,43.2685,38.7627,7.0,0.41,Ml,2.9,Tuşba (Van),143975
2011-11-01 17:53:42,43.515,38.968,6.83,0.33,Ml,2.9,Van Gölü - [03.60 km] Erciş (Van),144378
2011-11-05 20:55:03,43.5248,38.8665,7.95,0.31,Ml,2.9,Tuşba (Van),145421
2011-10-30 22:54:35,43.6453,38.654,7.0,0.73,Ml,2.9,İpekyolu (Van),143968
2011-11-01 17:27:12,43.5365,38.8407,7.1,0.66,Ml,2.9,Tuşba (Van),144376
2011-10-30 22:48:31,43.5462,38.9743,9.25,0.61,Ml,2.9,Van Gölü - [02.55 km] Erciş (Van),143965
2011-10-25 08:52:01,43.3882,38.6933,7.14,0.83,Ml,2.9,Tuşba (Van),142607
2011-11-06 09:31:56,43.5148,38.8055,6.95,0.59,Ml,2.9,Tuşba (Van),145534
2011-11-08 03:56:28,43.7432,38.618,7.0,0.59,Md,2.9,İpekyolu (Van),145965
2011-11-06 09:23:16,43.355,38.9063,7.07,0.67,Ml,2.9,Van Gölü - [09.50 km] Erciş (Van),145532
2011-10-24 13:17:43,42.887,38.6993,7.08,0.56,Md,2.9,Van Gölü - [10.06 km] Adilcevaz (Bitlis),142327
2011-11-03 06:25:05,43.258,38.6947,7.0,0.37,Ml,2.9,Tuşba (Van),144775
2011-11-01 16:36:44,43.5497,38.8855,6.7,0.54,Ml,2.9,Tuşba (Van),144368
2011-10-25 13:28:30,43.6945,38.7375,7.03,0.59,Md,2.9,İpekyolu (Van),142668
2011-11-08 03:25:48,43.1835,38.6942,7.0,0.22,Md,2.9,Tuşba (Van),145960
2011-11-01 17:15:39,43.2558,38.7087,6.98,0.29,Ml,2.9,Tuşba (Van),144373
2011-10-26 19:47:52,43.0963,38.6417,7.0,0.38,Ml,2.9,Van Gölü - [08.94 km] Tuşba (Van),142970
2011-11-01 17:17:45,43.1938,38.5868,6.98,0.53,Ml,2.9,Van Gölü - [02.50 km] Tuşba (Van),144374
2011-10-26 18:15:29,43.321,38.8587,7.0,0.98,Ml,2.8,Van Gölü - [03.37 km] Tuşba (Van),142953
2011-11-07 06:23:20,43.8753,38.6368,8.59,0.79,Ml,2.8,Özalp (Van),145787
2011-11-06 15:50:34,43.3825,38.6737,6.67,0.37,Md,2.8,Tuşba (Van),145612
2011-11-06 15:35:33,43.366,38.6972,6.99,0.8,Ml,2.8,Tuşba (Van),145609
2011-11-06 15:21:03,43.4428,38.8325,6.99,0.34,Md,2.8,Tuşba (Van),145606
2011-11-06 15:09:21,43.5858,38.6965,6.86,0.72,Ml,2.8,Erçek Gölü - [05.08 km] İpekyolu (Van),145604
2011-11-06 14:31:02,39.5833,38.6138,7.04,0.68,Md,2.8,Merkez (Elazığ),145598
2011-11-04 14:40:32,43.4007,38.6863,7.0,0.55,Md,2.8,Tuşba (Van),145088
2011-11-07 14:51:11,43.0975,38.7463,6.97,0.15,Ml,2.8,Van Gölü - [10.03 km] Tuşba (Van),145852
2011-11-01 21:30:33,43.5143,38.7277,6.95,0.81,Ml,2.8,Tuşba (Van),144417
2011-11-04 14:07:16,43.5258,38.9677,6.41,0.41,Md,2.8,Van Gölü - [03.25 km] Erciş (Van),145079
2011-11-08 11:44:10,43.4975,38.984,3.08,0.45,Md,2.8,Van Gölü - [03.59 km] Erciş (Van),145997
2011-11-08 04:40:59,43.3088,38.5672,25.21,0.28,Ml,2.8,Tuşba (Van),145967
2011-11-08 01:10:52,43.5128,38.919,7.09,0.87,Md,2.8,Van Gölü - [03.16 km] Tuşba (Van),145950
2011-11-08 00:53:21,43.2058,38.604,7.0,0.68,Md,2.8,Tuşba (Van),145947
2011-11-07 15:42:42,43.5457,38.9042,3.72,0.44,Ml,2.8,Tuşba (Van),145862
2011-10-25 08:01:25,43.171,38.6565,6.92,0.75,Ml,2.8,Tuşba (Van),142597
2011-11-08 09:05:05,43.1525,38.6828,6.96,0.27,Md,2.8,Van Gölü - [03.22 km] Tuşba (Van),145985
2011-10-31 02:13:38,43.191,38.6042,7.0,0.99,Ml,2.8,Van Gölü - [02.43 km] Tuşba (Van),144014
2011-10-31 02:17:13,43.5998,38.8333,7.02,0.8,Ml,2.8,Tuşba (Van),144015
2011-10-26 14:22:42,43.5578,38.897,7.01,0.54,Ml,2.8,Tuşba (Van),142926
2011-11-08 05:45:35,43.4103,39.0658,7.0,0.18,Ml,2.8,Erciş (Van),145972
2011-11-07 16:02:25,43.5653,38.7008,11.75,0.86,Ml,2.8,Erçek Gölü - [05.06 km] İpekyolu (Van),145869
2011-11-06 10:12:33,43.5835,38.6885,7.08,0.72,Md,2.8,Erçek Gölü - [05.35 km] İpekyolu (Van),145544
2011-11-02 19:14:41,43.0627,38.7138,7.0,0.26,Ml,2.8,Van Gölü - [11.70 km] Tuşba (Van),144624
2011-10-24 13:21:57,36.964,39.7018,6.68,0.76,Md,2.8,Merkez (Sivas),142328
2011-11-01 22:05:22,43.4898,38.682,7.0,0.48,Ml,2.8,Tuşba (Van),144426
2011-11-10 14:18:25,43.2137,38.6908,7.0,0.32,Ml,2.8,Tuşba (Van),146476
2011-11-01 22:18:16,43.5827,38.9105,17.71,0.86,Ml,2.8,Tuşba (Van),144429
2011-11-01 22:52:57,43.195,38.6402,7.03,0.62,Ml,2.8,Tuşba (Van),144435
2011-11-01 23:20:56,42.995,38.633,7.0,0.45,Ml,2.8,Van Gölü - [17.55 km] Tuşba (Van),144442
2011-10-24 14:04:02,43.4628,38.7438,6.92,0.45,Md,2.8,Tuşba (Van),142334
2011-11-03 06:23:57,43.5775,38.8738,7.23,0.65,Ml,2.8,Tuşba (Van),144774
2011-11-02 00:23:56,43.3623,38.8297,7.07,0.73,Md,2.8,Tuşba (Van),144453
2011-11-04 12:19:24,43.54,38.9445,14.41,0.43,Ml,2.8,Van Gölü - [05.71 km] Erciş (Van),145055
2011-11-04 12:04:05,43.0098,38.6193,6.94,0.34,Ml,2.8,Van Gölü - [16.83 km] Tuşba (Van),145051
2011-11-02 00:41:16,43.195,38.6033,7.0,0.58,Md,2.8,Van Gölü - [02.06 km] Tuşba (Van),144459
2011-11-02 01:51:14,43.4357,38.7112,7.0,0.59,Md,2.8,Tuşba (Van),144474
2011-11-02 01:51:53,43.5922,38.8228,7.0,0.9,Md,2.8,Muradiye (Van),144475
2011-11-01 02:03:36,43.5638,38.8752,7.0,0.33,Md,2.8,Tuşba (Van),144239
2011-11-10 07:09:34,43.2198,38.5392,20.34,0.16,Ml,2.8,Van Gölü - [05.16 km] Tuşba (Van),146437
2011-11-06 08:28:32,43.4507,38.8358,6.99,0.88,Ml,2.8,Tuşba (Van),145523
2011-11-10 06:54:39,43.452,38.7332,7.0,0.66,Ml,2.8,Tuşba (Van),146436
2011-11-02 12:03:51,43.1897,38.6098,7.12,0.26,Ml,2.8,Van Gölü - [02.75 km] Tuşba (Van),144556
2011-11-02 13:51:00,43.4887,38.7682,7.0,0.66,Ml,2.8,Tuşba (Van),144564
2011-11-03 10:01:35,43.3628,38.7182,6.8,0.52,Ml,2.8,Tuşba (Van),144803
2011-10-31 16:50:03,43.4698,38.8698,7.0,0.35,Ml,2.8,Van Gölü - [03.54 km] Tuşba (Van),144130
2011-10-31 19:57:26,43.479,38.9913,12.59,0.2,Ml,2.8,Van Gölü - [04.97 km] Erciş (Van),144162
2011-11-06 12:52:44,43.5155,38.9545,5.55,0.5,Ml,2.8,Van Gölü - [04.93 km] Erciş (Van),145575
2011-11-04 08:22:23,43.4698,38.8933,7.0,0.54,Ml,2.8,Van Gölü - [04.79 km] Tuşba (Van),145019
2011-10-31 23:48:14,43.2248,38.7402,7.01,0.52,Ml,2.8,Tuşba (Van),144217
2011-11-06 06:34:40,43.409,38.7708,6.93,0.58,Md,2.8,Tuşba (Van),145507
2011-11-06 06:32:09,43.7822,38.5737,7.6,0.62,Md,2.8,İpekyolu (Van),145506
2011-11-01 00:31:30,43.5168,38.9448,13.91,0.18,Ml,2.8,Van Gölü - [05.91 km] Erciş (Van),144226
2011-11-01 01:02:42,43.1887,38.7192,7.0,0.34,Md,2.8,Van Gölü - [02.86 km] Tuşba (Van),144230
2011-11-04 08:01:57,43.3848,38.7768,7.04,0.55,Ml,2.8,Tuşba (Van),145016
2011-11-01 01:56:31,43.5768,38.9215,9.08,0.33,Ml,2.8,Van Gölü - [02.05 km] Tuşba (Van),144238
2011-11-01 03:57:33,43.2127,38.6863,7.0,0.54,Md,2.8,Tuşba (Van),144252
2011-11-01 04:04:03,40.4218,39.061,6.79,0.45,Md,2.8,Merkez (Bingöl),144253
2011-11-01 05:09:09,43.2738,38.672,6.82,0.58,Ml,2.8,Tuşba (Van),144265
2011-11-02 23:26:09,43.1727,38.7003,7.01,0.49,Ml,2.8,Van Gölü - [02.95 km] Tuşba (Van),144680
2011-11-01 10:01:23,43.2758,38.746,7.0,0.31,Ml,2.8,Tuşba (Van),144296
2011-11-03 12:25:03,43.401,38.5818,8.89,0.87,Ml,2.8,Tuşba (Van),144822
2011-11-06 12:29:56,43.44,38.8363,7.0,0.41,Md,2.8,Tuşba (Van),145568
2011-11-02 18:50:11,43.1862,38.7185,6.98,0.73,Ml,2.8,Van Gölü - [02.97 km] Tuşba (Van),144615
2011-10-30 17:38:12,43.2448,38.6343,7.0,0.8,Ml,2.8,Tuşba (Van),143887
2011-11-06 12:24:53,43.5448,38.8583,6.89,0.92,Md,2.8,Tuşba (Van),145565
2011-10-30 18:15:23,43.5635,38.3428,7.0,0.33,Ml,2.8,Gürpınar (Van),143897
2011-11-04 06:24:19,43.365,38.7135,6.99,0.4,Md,2.8,Tuşba (Van),144996
2011-11-05 23:57:02,43.1482,38.6082,7.0,0.49,Ml,2.8,Van Gölü - [06.17 km] Tuşba (Van),145451
2011-10-30 20:13:39,43.478,38.74,7.0,0.35,Ml,2.8,Tuşba (Van),143932
2011-10-30 20:58:57,43.6015,38.8433,7.0,0.56,Ml,2.8,Tuşba (Van),143941
2011-10-30 21:04:47,39.5327,39.2562,7.0,0.14,Ml,2.8,Merkez (Tunceli),143942
2011-10-30 21:56:40,43.5395,38.896,18.76,0.56,Ml,2.8,Tuşba (Van),143953
2011-10-30 21:58:00,43.5947,38.741,7.0,0.84,Ml,2.8,İpekyolu (Van),143954
2011-11-01 17:35:46,43.2098,38.755,7.25,0.54,Ml,2.8,Van Gölü - [01.20 km] Tuşba (Van),144377
2011-10-30 23:16:23,43.0995,38.6965,7.0,0.68,Ml,2.8,Van Gölü - [08.06 km] Tuşba (Van),143974
2011-11-08 15:41:24,43.1835,38.5937,7.0,0.21,Ml,2.8,Van Gölü - [03.06 km] Tuşba (Van),146038
2011-11-05 22:07:58,43.2808,38.6913,6.97,0.45,Ml,2.8,Tuşba (Van),145434
2011-10-30 23:51:30,43.3502,38.7103,7.0,0.44,Ml,2.8,Tuşba (Van),143980
2011-10-30 23:54:43,43.5182,38.7883,7.0,0.78,Ml,2.8,Tuşba (Van),143981
2011-10-30 23:54:49,43.2905,38.8035,7.0,0.21,Ml,2.8,Van Gölü - [02.59 km] Tuşba (Van),143982
2011-10-31 00:04:51,43.0808,38.681,7.0,0.5,Ml,2.8,Van Gölü - [09.40 km] Tuşba (Van),143985
2011-11-01 19:40:36,43.1042,38.6778,7.0,0.53,Ml,2.8,Van Gölü - [07.35 km] Tuşba (Van),144396
2011-10-31 00:23:07,43.5902,38.9577,17.75,0.4,Ml,2.8,Van Gölü - [03.40 km] Muradiye (Van),143988
2011-10-31 00:52:06,43.0792,38.6935,7.0,0.44,Ml,2.8,Van Gölü - [09.70 km] Tuşba (Van),143994
2011-10-31 05:30:58,43.3408,38.7452,7.0,0.43,Ml,2.8,Tuşba (Van),144052
2011-10-31 05:44:00,43.2472,38.6337,7.0,0.58,Ml,2.8,Tuşba (Van),144056
2011-10-24 06:28:04,43.5008,38.7163,7.1,0.29,Md,2.8,Tuşba (Van),142241
2011-11-08 21:53:17,43.4778,38.7065,6.94,0.64,Ml,2.8,Tuşba (Van),146116
2011-10-31 14:29:10,43.6528,38.691,7.0,0.36,Md,2.8,İpekyolu (Van),144109
2011-10-31 14:47:40,43.5383,38.89,5.0,0.64,Md,2.8,Tuşba (Van),144111
2011-11-08 22:59:05,43.5723,38.8468,7.0,0.4,Md,2.8,Tuşba (Van),146128
2011-11-06 04:52:16,43.5325,38.8487,4.74,0.58,Ml,2.8,Tuşba (Van),145490
2011-10-28 12:48:25,43.5285,38.9533,7.9,0.58,Ml,2.8,Van Gölü - [04.77 km] Erciş (Van),143391
2011-10-28 13:31:44,43.2713,38.6815,7.0,0.27,Ml,2.8,Tuşba (Van),143395
2011-10-28 13:32:54,43.1722,38.6632,7.0,0.6,Ml,2.8,Tuşba (Van),143396
2011-11-06 02:56:26,43.4847,38.9752,5.0,0.44,Ml,2.8,Van Gölü - [05.01 km] Erciş (Van),145483
2011-11-09 00:22:46,43.5188,38.8517,7.0,0.66,Ml,2.8,Tuşba (Van),146142
2011-11-05 19:22:39,43.4753,38.8145,7.0,0.23,Ml,2.8,Tuşba (Van),145401
2011-10-28 06:46:39,43.5253,38.9415,17.09,0.84,Md,2.8,Van Gölü - [06.11 km] Erciş (Van),143323
2011-10-28 07:03:36,43.5912,38.7408,6.94,0.59,Md,2.8,İpekyolu (Van),143326
2011-11-06 00:08:32,43.4745,38.7568,7.0,0.54,Ml,2.8,Tuşba (Van),145453
2011-11-09 00:57:56,43.0932,38.6853,7.0,0.52,Ml,2.8,Van Gölü - [08.36 km] Tuşba (Van),146148
2011-10-31 01:56:35,43.3382,38.7277,9.17,0.91,Ml,2.8,Tuşba (Van),144009
2011-11-05 18:13:42,43.491,38.8325,7.0,0.62,Ml,2.8,Tuşba (Van),145388
2011-10-25 15:29:57,42.9125,38.7225,6.99,0.54,Md,2.8,Van Gölü - [08.13 km] Adilcevaz (Bitlis),142694
2011-10-28 14:15:18,43.2035,38.6542,7.0,0.56,Ml,2.8,Tuşba (Van),143406
2011-11-09 04:39:38,43.3598,38.844,7.07,0.4,Ml,2.8,Van Gölü - [03.15 km] Tuşba (Van),146185
2011-11-10 12:22:27,43.5918,38.8368,7.46,0.48,Ml,2.8,Tuşba (Van),146460
2011-10-26 18:19:26,43.4735,38.925,5.97,0.92,Ml,2.8,Van Gölü - [06.60 km] Tuşba (Van),142954
2011-10-26 19:21:23,43.1922,38.6533,7.0,0.58,Ml,2.8,Tuşba (Van),142963
2011-10-25 14:05:59,42.7892,38.8527,7.12,0.56,Md,2.8,Adilcevaz (Bitlis),142677
2011-10-26 21:02:11,43.2232,38.6582,7.0,0.74,Ml,2.8,Tuşba (Van),142984
2011-10-26 21:05:24,43.1875,38.6483,6.99,0.84,Ml,2.8,Tuşba (Van),142986
2011-11-07 12:48:50,43.212,38.6935,7.12,0.51,Md,2.8,Tuşba (Van),145833
2011-10-31 01:27:53,43.2008,38.6795,7.0,0.28,Ml,2.8,Tuşba (Van),144003
2011-10-26 22:02:03,43.0845,38.6738,7.08,0.58,Ml,2.8,Van Gölü - [09.07 km] Tuşba (Van),142994
2011-10-26 22:03:44,43.1712,38.6892,10.27,0.84,Ml,2.8,Van Gölü - [02.05 km] Tuşba (Van),142995
2011-10-26 23:54:49,42.1412,39.505,7.0,0.5,Ml,2.8,Karayazı (Erzurum),143002
2011-10-27 00:45:41,43.145,38.7428,8.71,0.63,Ml,2.8,Van Gölü - [05.90 km] Tuşba (Van),143011
2011-10-27 02:30:23,43.5997,38.857,16.92,0.59,Ml,2.8,Tuşba (Van),143026
2011-11-07 07:44:14,42.9375,38.8697,7.0,0.54,Ml,2.8,Adilcevaz (Bitlis),145799
2011-11-07 09:59:17,43.5015,38.7177,7.0,0.69,Ml,2.7,Tuşba (Van),145811
2011-11-06 08:43:32,43.5147,38.9322,5.29,0.66,Ml,2.7,Van Gölü - [03.81 km] Tuşba (Van),145526
2011-10-31 15:43:32,39.5278,39.2557,7.0,0.15,Md,2.7,Merkez (Tunceli),144123
2011-11-05 17:26:43,43.216,38.718,6.95,0.47,Ml,2.7,Tuşba (Van),145380
2011-10-30 18:22:12,43.3623,38.6945,7.0,0.42,Ml,2.7,Tuşba (Van),143900
2011-11-02 01:36:03,43.5443,38.6653,7.0,0.96,Md,2.7,Erçek Gölü - [02.71 km] Tuşba (Van),144472
2011-10-23 11:35:06,43.466,38.6263,7.0,0.27,Md,2.7,Tuşba (Van),141948
2011-10-30 18:28:57,43.6488,38.7805,7.0,0.75,Ml,2.7,Muradiye (Van),143904
2011-10-30 20:05:34,43.5427,38.9918,7.62,0.43,Ml,2.7,Erciş (Van),143930
2011-11-09 05:24:23,43.5003,38.841,7.0,0.78,Md,2.7,Tuşba (Van),146191
2011-10-30 20:21:07,43.5638,38.8572,7.0,0.88,Ml,2.7,Tuşba (Van),143933
2011-11-04 06:08:12,43.2838,38.7352,7.13,0.66,Md,2.7,Tuşba (Van),144994
2011-11-08 02:04:16,43.5207,38.9415,8.84,0.28,Ml,2.7,Van Gölü - [06.18 km] Erciş (Van),145955
2011-11-06 14:41:00,43.4903,38.8205,7.0,0.67,Ml,2.7,Tuşba (Van),145599
2011-11-02 09:04:14,43.2798,38.6017,7.0,0.58,Ml,2.7,Tuşba (Van),144528
2011-11-06 13:45:42,43.3417,38.541,17.24,0.21,Md,2.7,Tuşba (Van),145584
2011-11-06 12:16:55,43.557,38.8852,7.0,0.68,Md,2.7,Tuşba (Van),145564
2011-11-06 14:43:01,42.9755,38.8187,7.0,0.83,Md,2.7,Sodalı Göl - [01.95 km] Adilcevaz (Bitlis),145600
2011-11-02 08:49:18,43.2292,38.7835,7.0,0.7,Ml,2.7,Van Gölü - [02.99 km] Tuşba (Van),144527
2011-11-01 16:21:25,43.7763,38.9568,7.0,0.23,Ml,2.7,Muradiye (Van),144366
2011-10-24 13:52:59,42.5042,38.0773,7.03,0.57,Md,2.7,Hizan (Bitlis),142333
2011-10-23 16:49:01,43.5045,38.7135,7.01,0.27,Ml,2.7,Tuşba (Van),142044
2011-11-02 19:15:26,43.6028,38.8803,19.27,0.72,Ml,2.7,Tuşba (Van),144625
2011-11-03 06:07:46,43.6303,38.8862,7.15,0.71,Ml,2.7,Tuşba (Van),144773
2011-11-06 09:38:41,43.4748,38.8972,7.0,0.91,Md,2.7,Van Gölü - [04.82 km] Tuşba (Van),145537
2011-11-06 11:54:29,43.5488,38.9737,9.71,0.52,Md,2.7,Van Gölü - [02.70 km] Erciş (Van),145557
2011-11-06 13:17:06,43.4788,38.8362,7.0,0.59,Md,2.7,Tuşba (Van),145580
2011-11-01 19:36:56,38.7088,39.8685,7.0,0.26,Ml,2.7,Refahiye (Erzincan),144395
2011-11-06 15:37:00,43.4955,38.7472,7.0,0.94,Md,2.7,Tuşba (Van),145610
2011-11-01 21:06:10,43.5825,38.9318,2.39,0.56,Ml,2.7,Van Gölü - [03.01 km] Tuşba (Van),144411
2011-11-08 15:41:45,43.8255,38.7537,7.0,0.22,Md,2.7,Muradiye (Van),146039
2011-11-06 11:25:06,43.743,38.7738,7.0,0.64,Md,2.7,Muradiye (Van),145553
2011-11-06 12:39:12,43.3458,38.4208,8.63,0.27,Md,2.7,Edremit (Van),145573
2011-11-04 12:28:13,43.5742,38.8082,7.0,0.1,Ml,2.7,Tuşba (Van),145058
2011-10-31 01:01:28,43.207,38.7065,7.0,0.39,Ml,2.7,Tuşba (Van),143997
2011-11-05 21:32:53,43.5485,38.8092,7.0,0.25,Ml,2.7,Tuşba (Van),145428
2011-10-31 01:21:46,43.8128,39.2892,7.0,0.65,Ml,2.7,Çaldıran (Van),144000
2011-10-31 01:22:21,43.1633,38.6657,7.0,0.59,Ml,2.7,Tuşba (Van),144001
2011-11-08 11:02:57,43.2725,38.5442,25.88,0.82,Md,2.7,Van Gölü - [02.92 km] Tuşba (Van),145993
2011-11-04 12:51:26,43.5072,38.7823,7.01,0.69,Ml,2.7,Tuşba (Van),145062
2011-11-01 21:57:17,43.3695,38.701,6.71,0.7,Ml,2.7,Tuşba (Van),144424
2011-11-10 15:15:01,43.29,38.9033,7.0,0.57,Ml,2.7,Van Gölü - [09.40 km] Erciş (Van),146480
2011-11-03 06:38:42,43.2973,38.7257,7.0,0.58,Ml,2.7,Tuşba (Van),144782
2011-10-31 06:22:40,43.575,38.9272,10.4,0.73,Ml,2.7,Van Gölü - [02.69 km] Tuşba (Van),144063
2011-11-08 22:28:33,43.5142,38.7262,7.0,0.71,Md,2.7,Tuşba (Van),146120
2011-11-08 22:37:11,43.1893,38.663,7.0,0.31,Md,2.7,Tuşba (Van),146124
2011-11-05 20:35:02,43.3193,38.6812,7.0,0.16,Ml,2.7,Tuşba (Van),145416
2011-11-07 17:15:37,43.1633,38.7647,7.05,0.7,Ml,2.7,Van Gölü - [04.86 km] Tuşba (Van),145884
2011-11-02 22:11:20,43.5455,38.848,2.46,0.7,Ml,2.7,Tuşba (Van),144668
2011-10-31 02:04:12,43.2685,38.7198,7.0,0.38,Ml,2.7,Tuşba (Van),144010
2011-10-31 15:33:07,43.5322,39.0223,5.0,0.34,Md,2.7,Erciş (Van),144121
2011-10-28 12:42:05,43.4748,38.709,7.0,0.63,Ml,2.7,Tuşba (Van),143388
2011-11-08 23:36:11,43.3808,38.8285,7.0,0.7,Md,2.7,Van Gölü - [01.66 km] Tuşba (Van),146135
2011-11-06 04:26:03,43.3703,38.6847,7.05,0.43,Ml,2.7,Tuşba (Van),145486
2011-10-28 12:49:06,43.5187,38.7357,7.0,0.59,Ml,2.7,Tuşba (Van),143392
2011-10-28 13:01:23,43.4897,38.9142,17.14,0.0168,Ml,2.7,Van Gölü - [04.98 km] Tuşba (Van),143393
2011-10-26 04:52:46,42.8982,38.605,7.1,0.5,Md,2.7,Van Gölü - [20.57 km] Adilcevaz (Bitlis),142823
2011-11-08 11:10:48,43.458,38.7672,7.0,0.98,Md,2.7,Tuşba (Van),145994
2011-10-26 22:37:50,43.7438,39.0357,17.92,0.29,Ml,2.7,Muradiye (Van),142998
2011-10-28 14:01:46,43.326,38.4047,7.0,0.5,Ml,2.7,Edremit (Van),143399
2011-11-08 09:09:18,43.61,38.7215,7.0,0.36,Md,2.7,Erçek Gölü - [03.10 km] İpekyolu (Van),145986
2011-11-07 14:27:17,43.5765,38.7648,6.96,0.63,Ml,2.7,İpekyolu (Van),145850
2011-11-09 00:46:30,43.0717,38.8203,7.0,0.44,Ml,2.7,Adilcevaz (Bitlis),146146
2011-11-08 11:46:56,43.538,38.7712,6.92,0.38,Ml,2.7,Tuşba (Van),145999
2011-11-07 15:45:00,43.0995,38.6588,7.0,0.25,Ml,2.7,Van Gölü - [08.02 km] Tuşba (Van),145863
2011-11-05 19:15:52,43.2265,38.7392,6.98,0.34,Ml,2.7,Tuşba (Van),145399
2011-11-01 21:17:21,43.5728,38.9042,6.99,0.53,Ml,2.7,Tuşba (Van),144414
2011-11-07 19:22:31,43.54,38.9632,8.43,0.75,Ml,2.7,Van Gölü - [03.64 km] Erciş (Van),145903
2011-11-07 10:24:52,43.188,38.6042,7.0,0.37,Ml,2.7,Van Gölü - [02.68 km] Tuşba (Van),145815
2011-10-31 02:36:38,43.5065,38.9725,10.05,0.69,Ml,2.7,Van Gölü - [03.65 km] Erciş (Van),144018
2011-11-01 05:33:50,43.4258,38.7557,7.0,0.17,Md,2.7,Tuşba (Van),144271
2011-10-31 16:51:51,43.4675,38.8035,7.0,0.35,Md,2.7,Tuşba (Van),144131
2011-11-10 07:46:58,43.17,38.7297,7.0,0.57,Ml,2.7,Van Gölü - [04.07 km] Tuşba (Van),146440
2011-11-02 18:42:46,43.0877,38.7417,7.0,0.44,Ml,2.7,Van Gölü - [10.88 km] Tuşba (Van),144612
2011-11-03 10:42:51,43.6157,38.7902,7.0,0.29,Ml,2.7,İpekyolu (Van),144812
2011-10-31 16:35:19,43.3852,38.7542,7.0,0.33,Md,2.7,Tuşba (Van),144128
2011-11-01 20:45:43,43.2577,38.6562,6.99,0.99,Ml,2.7,Tuşba (Van),144408
2011-11-01 00:22:34,43.5605,38.959,13.92,0.41,Md,2.7,Van Gölü - [04.61 km] Erciş (Van),144223
2011-11-01 00:51:47,43.1237,38.6155,7.0,0.25,Ml,2.7,Van Gölü - [08.42 km] Tuşba (Van),144229
2011-10-28 14:14:31,43.3153,38.7032,7.0,0.49,Ml,2.7,Tuşba (Van),143405
2011-11-01 01:06:20,43.2785,38.758,7.0,0.39,Md,2.7,Tuşba (Van),144231
2011-10-27 00:31:40,43.1725,38.6575,6.98,0.9,Ml,2.7,Tuşba (Van),143009
2011-11-08 14:03:36,43.5837,38.897,18.9,0.24,Md,2.7,Tuşba (Van),146023
2011-10-28 14:19:17,43.3863,38.7012,7.0,0.35,Ml,2.7,Tuşba (Van),143407
2011-11-10 06:49:05,43.2587,38.7302,7.0,0.39,Ml,2.7,Tuşba (Van),146435
2011-11-06 05:58:43,43.4993,38.9935,6.7,0.18,Md,2.7,Van Gölü - [03.20 km] Erciş (Van),145500
2011-11-01 02:42:52,43.3268,38.6912,7.0,0.52,Ml,2.7,Tuşba (Van),144244
2011-11-02 12:35:55,43.265,38.5587,7.0,0.22,Md,2.7,Van Gölü - [01.23 km] Tuşba (Van),144559
2011-11-03 11:15:45,43.2267,38.7528,7.0,0.34,Ml,2.7,Tuşba (Van),144817
2011-11-01 03:34:34,43.3222,38.7922,6.99,0.95,Md,2.7,Tuşba (Van),144249
2011-11-01 03:36:58,43.7145,38.7257,7.59,0.67,Md,2.7,İpekyolu (Van),144250
2011-11-01 03:45:23,43.3252,38.7367,7.0,0.76,Ml,2.7,Tuşba (Van),144251
2011-11-09 04:32:16,43.4322,38.839,7.0,0.59,Ml,2.7,Tuşba (Van),146184
2011-11-08 00:03:01,43.4068,38.8617,7.0,0.95,Md,2.7,Van Gölü - [02.27 km] Tuşba (Van),145938
2011-11-01 04:07:54,43.5238,38.8265,7.0,0.82,Md,2.7,Tuşba (Van),144256
2011-11-08 00:04:58,43.4742,38.9007,7.0,0.44,Md,2.7,Van Gölü - [05.15 km] Tuşba (Van),145939
2011-11-01 05:10:21,43.3612,38.6423,7.0,0.18,Md,2.7,Tuşba (Van),144266
2011-11-03 07:22:15,43.5398,38.9082,9.94,0.76,Ml,2.7,Tuşba (Van),144786
2011-10-31 18:37:50,43.5618,38.81,7.0,0.39,Ml,2.7,Tuşba (Van),144152
2011-11-06 05:45:15,43.4612,38.7417,7.0,0.47,Md,2.7,Tuşba (Van),145498
2011-11-06 14:20:41,43.1538,38.6783,7.0,0.59,Md,2.7,Van Gölü - [03.04 km] Tuşba (Van),145595
2011-10-26 02:18:56,39.5907,38.6178,6.99,0.63,Ml,2.7,Merkez (Elazığ),142800
2011-11-01 11:03:36,43.2507,38.5863,7.0,0.59,Ml,2.7,Tuşba (Van),144309
2011-11-02 18:19:52,43.3077,38.7753,7.0,0.43,Ml,2.7,Tuşba (Van),144603
2011-11-04 07:32:03,43.5633,38.8608,14.46,0.43,Md,2.7,Tuşba (Van),145012
2011-11-01 11:13:00,43.124,38.7525,7.0,0.22,Md,2.7,Van Gölü - [07.77 km] Tuşba (Van),144313
2011-11-07 07:28:50,43.6382,38.863,7.0,0.86,Ml,2.7,Tuşba (Van),145795
2011-11-04 07:01:16,43.2782,38.8193,7.0,0.41,Md,2.7,Van Gölü - [03.68 km] Tuşba (Van),145007
2011-11-06 13:57:33,43.3258,38.5295,18.05,0.3,Md,2.7,Tuşba (Van),145587
2011-10-31 17:45:19,43.4897,38.964,15.53,0.15,Md,2.7,Van Gölü - [05.36 km] Erciş (Van),144144
2011-10-31 17:43:38,43.313,38.863,7.0,0.56,Md,2.7,Van Gölü - [03.88 km] Tuşba (Van),144143
2011-10-24 11:09:24,43.4315,38.7887,10.71,0.41,Ml,2.7,Tuşba (Van),142313
2011-11-06 13:57:09,43.4742,38.6617,7.0,0.61,Md,2.7,Tuşba (Van),145586
2011-11-04 06:41:04,43.5345,38.8987,14.77,0.66,Md,2.7,Tuşba (Van),144999
2011-11-05 17:34:09,43.2203,38.7152,7.07,0.39,Ml,2.7,Tuşba (Van),145382
2011-11-06 14:25:40,43.2583,38.6597,7.0,0.27,Md,2.7,Tuşba (Van),145597
2011-11-02 01:37:45,43.5458,38.892,7.0,0.4,Md,2.7,Tuşba (Van),144473
2011-11-04 06:49:10,43.6347,38.733,7.0,0.29,Md,2.6,İpekyolu (Van),145003
2011-11-08 06:35:54,43.2519,38.6505,11.91,0.01516,Ml,2.6,Tuşba (Van),145977
2011-11-02 19:29:42,43.3208,38.7232,6.97,0.63,Ml,2.6,Tuşba (Van),144629
2011-11-02 12:15:23,43.3468,38.7372,7.0,0.31,Md,2.6,Tuşba (Van),144558
2011-11-03 12:56:56,43.5527,38.9077,7.0,0.42,Ml,2.6,Tuşba (Van),144826
2011-11-07 07:00:03,38.7263,39.6378,7.07,0.17,Ml,2.6,Kemah (Erzincan),145793
2011-11-07 06:57:15,38.7585,39.6365,7.01,0.21,Md,2.6,Kemah (Erzincan),145792
2011-11-06 09:01:39,43.2303,38.534,6.9,0.54,Ml,2.6,Van Gölü - [04.96 km] Tuşba (Van),145528
2011-10-30 17:41:49,43.2355,38.5853,7.0,0.23,Ml,2.6,Tuşba (Van),143889
2011-11-06 09:07:48,43.3808,38.9313,7.0,0.38,Md,2.6,Van Gölü - [07.75 km] Erciş (Van),145529
2011-11-08 14:18:20,43.4955,38.6978,7.0,0.77,Md,2.6,Tuşba (Van),146026
2011-11-02 01:55:41,43.168,38.6148,7.0,0.63,Md,2.6,Van Gölü - [04.70 km] Tuşba (Van),144477
2011-11-06 04:41:56,43.2997,38.5405,26.4,0.14,Ml,2.6,Van Gölü - [02.70 km] Tuşba (Van),145489
2011-10-30 18:11:54,43.1967,38.6845,7.0,0.68,Ml,2.6,Tuşba (Van),143896
2011-11-09 05:03:25,43.1745,38.7245,7.0,0.32,Md,2.6,Van Gölü - [04.00 km] Tuşba (Van),146188
2011-11-08 23:07:32,43.421,38.7645,7.0,0.79,Md,2.6,Tuşba (Van),146129
2011-11-10 13:04:28,43.3537,38.7905,7.0,0.78,Ml,2.6,Tuşba (Van),146466
2011-11-06 01:47:09,43.2045,38.7695,7.0,0.49,Ml,2.6,Van Gölü - [02.87 km] Tuşba (Van),145467
2011-11-09 04:50:37,43.5813,38.8737,16.9,0.42,Md,2.6,Tuşba (Van),146187
2011-11-02 01:34:21,43.457,38.6937,7.0,0.43,Md,2.6,Tuşba (Van),144471
2011-10-23 13:02:24,43.2267,38.7727,6.97,0.37,Md,2.6,Van Gölü - [02.18 km] Tuşba (Van),141972
2011-11-06 12:40:07,43.5698,38.9197,15.13,0.56,Md,2.6,Van Gölü - [02.24 km] Tuşba (Van),145574
2011-11-02 01:26:45,43.523,38.7812,6.98,0.74,Md,2.6,Tuşba (Van),144469
2011-11-04 06:10:21,43.492,38.9035,7.0,0.48,Md,2.6,Van Gölü - [04.70 km] Tuşba (Van),144995
2011-11-02 01:24:56,43.5583,38.9442,7.03,0.65,Md,2.6,Van Gölü - [04.08 km] Tuşba (Van),144468
2011-11-02 19:41:58,43.568,38.91,5.41,0.73,Ml,2.6,Tuşba (Van),144634
2011-10-31 16:00:38,43.5125,39.0412,5.0,0.68,Md,2.6,Erciş (Van),144125
2011-11-01 20:50:14,43.1833,38.6663,7.0,0.44,Ml,2.6,Tuşba (Van),144409
2011-11-06 06:49:57,43.551,38.9138,14.06,0.65,Md,2.6,Tuşba (Van),145513
2011-11-04 08:50:51,36.3125,37.3492,7.0,0.45,Ml,2.6,Aslantaş Barajı - [03.54 km] Düziçi (Osmaniye),145024
2011-11-02 01:20:01,43.5402,39.0165,8.84,0.01,Md,2.6,Erciş (Van),144466
2011-10-30 20:36:27,43.2005,38.6618,7.0,0.26,Ml,2.6,Tuşba (Van),143936
2011-11-02 23:48:19,43.5263,38.7587,7.0,0.65,Md,2.6,Tuşba (Van),144686
2011-10-30 20:44:12,43.5342,38.9428,10.01,0.57,Ml,2.6,Van Gölü - [05.90 km] Erciş (Van),143938
2011-11-04 07:03:20,43.4927,38.9232,7.17,0.53,Md,2.6,Van Gölü - [04.95 km] Tuşba (Van),145008
2011-10-30 20:54:28,43.5433,38.9502,11.38,0.53,Ml,2.6,Van Gölü - [05.11 km] Erciş (Van),143940
2011-10-25 08:35:10,43.5752,38.7707,6.74,0.9,Ml,2.6,İpekyolu (Van),142602
2011-11-06 12:32:36,43.1778,38.7237,7.0,0.41,Md,2.6,Van Gölü - [03.82 km] Tuşba (Van),145570
2011-11-01 10:17:26,43.2747,38.591,7.0,0.52,Ml,2.6,Tuşba (Van),144303
2011-11-02 00:56:06,43.6563,38.7293,7.0,0.87,Md,2.6,İpekyolu (Van),144462
2011-11-04 06:06:27,43.492,38.8387,7.0,0.5,Md,2.6,Tuşba (Van),144993
2011-11-02 00:45:34,43.5528,38.9688,9.41,0.22,Md,2.6,Van Gölü - [03.34 km] Erciş (Van),144460
2011-11-08 23:48:53,43.4537,38.8753,7.0,0.5,Md,2.6,Van Gölü - [04.73 km] Tuşba (Van),146137
2011-11-01 01:13:16,43.1028,38.6482,7.0,0.26,Md,2.6,Van Gölü - [08.13 km] Tuşba (Van),144232
2011-11-01 21:35:58,43.5447,38.8093,7.0,0.41,Ml,2.6,Tuşba (Van),144418
2011-11-01 01:13:51,43.1778,38.6018,7.0,0.07,Md,2.6,Van Gölü - [03.52 km] Tuşba (Van),144233
2011-11-05 22:50:00,43.3803,38.6945,7.0,0.49,Ml,2.6,Tuşba (Van),145443
2011-11-02 00:39:25,43.2335,38.7352,7.0,0.21,Md,2.6,Tuşba (Van),144458
2011-11-06 06:13:28,43.137,38.6175,7.0,0.39,Md,2.6,Van Gölü - [07.35 km] Tuşba (Van),145502
2011-11-05 19:50:00,43.5598,38.6982,7.01,0.29,Ml,2.6,Erçek Gölü - [05.35 km] İpekyolu (Van),145409
2011-11-05 19:48:09,43.5362,38.8763,7.0,0.15,Ml,2.6,Tuşba (Van),145408
2011-11-08 09:20:47,43.1098,38.462,7.03,0.04,Md,2.6,Van Gölü - [17.57 km] Gevaş (Van),145987
2011-11-01 20:31:17,43.517,38.9215,6.93,0.54,Ml,2.6,Van Gölü - [02.94 km] Tuşba (Van),144404
2011-11-07 11:17:29,43.5163,38.9623,3.09,0.6,Ml,2.6,Van Gölü - [04.10 km] Erciş (Van),145823
2011-10-23 13:09:22,43.217,38.7648,7.0,0.43,Md,2.6,Van Gölü - [02.28 km] Tuşba (Van),141975
2011-11-06 13:29:12,43.1002,37.4753,7.0,0.02,Md,2.6,Beytüşşebap (Şırnak),145581
2011-11-01 04:06:25,43.3037,38.6867,7.0,0.37,Md,2.6,Tuşba (Van),144254
2011-11-02 18:55:15,43.6822,38.6973,7.02,0.91,Ml,2.6,İpekyolu (Van),144616
2011-10-30 23:11:58,43.144,37.795,7.05,0.79,Ml,2.6,Çatak (Van),143973
2011-11-08 03:48:46,43.5003,38.9502,6.99,0.21,Md,2.6,Van Gölü - [05.95 km] Erciş (Van),145963
2011-11-06 09:40:17,43.5472,38.9813,5.52,0.23,Md,2.6,Erciş (Van),145538
2011-11-05 16:54:00,43.4373,38.8363,15.35,0.41,Ml,2.6,Tuşba (Van),145372
2011-10-30 23:39:24,43.2238,38.616,7.0,0.79,Ml,2.6,Tuşba (Van),143977
2011-11-01 01:35:02,43.1627,38.5898,7.0,0.63,Ml,2.6,Van Gölü - [04.92 km] Tuşba (Van),144236
2011-11-08 03:50:45,43.0833,38.9728,7.0,0.59,Md,2.6,Erciş (Van),145964
2011-10-26 20:44:14,43.558,38.9737,7.84,0.94,Ml,2.6,Van Gölü - [03.11 km] Erciş (Van),142980
2011-11-05 16:44:08,43.6008,38.7015,6.96,0.42,Ml,2.6,Erçek Gölü - [03.83 km] İpekyolu (Van),145370
2011-11-05 16:28:17,43.2627,37.8727,7.01,0.74,Md,2.6,Çatak (Van),145368
2011-11-05 21:47:15,43.028,38.6407,7.0,0.36,Ml,2.6,Van Gölü - [14.55 km] Tuşba (Van),145432
2011-11-01 04:07:06,43.633,38.7417,6.98,0.78,Md,2.6,İpekyolu (Van),144255
2011-11-09 05:42:16,43.4855,38.7427,7.0,0.74,Md,2.6,Tuşba (Van),146193
2011-11-06 02:12:32,43.3658,38.7303,7.0,0.51,Ml,2.6,Tuşba (Van),145475
2011-11-02 19:13:26,43.135,38.6937,7.0,0.46,Ml,2.6,Van Gölü - [05.03 km] Tuşba (Van),144623
2011-11-08 03:40:05,43.2267,38.7065,7.0,0.34,Md,2.6,Tuşba (Van),145961
2011-11-07 14:37:03,43.4815,38.7418,7.0,0.85,Ml,2.6,Tuşba (Van),145851
2011-11-01 02:04:27,43.2143,38.7732,7.0,0.31,Md,2.6,Van Gölü - [03.10 km] Tuşba (Van),144240
2011-11-07 19:24:08,43.1907,38.735,6.98,0.57,Ml,2.6,Van Gölü - [02.19 km] Tuşba (Van),145904
2011-11-02 19:08:58,43.3705,38.7692,7.0,0.6,Ml,2.6,Tuşba (Van),144622
2011-11-01 04:22:55,43.5607,38.9417,10.62,0.42,Ml,2.6,Van Gölü - [03.87 km] Tuşba (Van),144257
2011-11-06 15:45:19,43.2218,38.7627,7.0,0.45,Md,2.6,Van Gölü - [02.10 km] Tuşba (Van),145611
2011-11-10 14:15:03,43.207,38.498,7.0,0.78,Ml,2.6,Van Gölü - [09.41 km] Tuşba (Van),146475
2011-11-01 20:13:38,43.3008,38.7452,6.99,0.67,Ml,2.6,Tuşba (Van),144401
2011-11-01 20:39:49,43.2667,38.6825,7.0,0.78,Ml,2.6,Tuşba (Van),144407
2011-10-31 19:33:51,43.0715,38.6013,7.0,0.11,Md,2.6,Van Gölü - [12.77 km] Tuşba (Van),144161
2011-11-01 22:34:40,38.7213,39.6173,6.96,0.15,Ml,2.6,Kemah (Erzincan),144432
2011-11-04 07:47:34,43.2693,38.6993,6.99,0.55,Ml,2.6,Tuşba (Van),145015
2011-11-06 05:47:54,43.365,38.8018,7.0,0.58,Md,2.6,Tuşba (Van),145499
2011-10-31 19:31:30,43.5755,38.9142,8.56,0.55,Ml,2.6,Tuşba (Van),144160
2011-10-31 05:34:17,43.545,38.9525,11.72,0.72,Ml,2.6,Van Gölü - [04.88 km] Erciş (Van),144053
2011-11-03 06:30:08,43.1373,38.6538,7.0,0.25,Ml,2.6,Van Gölü - [05.16 km] Tuşba (Van),144778
2011-11-06 01:48:15,43.2775,38.716,7.0,0.14,Ml,2.6,Tuşba (Van),145468
2011-11-05 20:53:12,43.1802,38.7455,7.0,0.5,Ml,2.6,Van Gölü - [02.84 km] Tuşba (Van),145420
2011-10-31 16:39:00,43.4778,38.9918,13.94,0.71,Md,2.6,Van Gölü - [05.07 km] Erciş (Van),144129
2011-11-05 20:39:36,44.6642,38.4868,69.47,1.06,Ml,2.6,"Khoy, West Azarbaijan (İran) - [25.51 km] Başkale (Van)",145418
2011-11-07 16:24:20,43.1667,38.6223,7.0,0.44,Ml,2.6,Van Gölü - [05.17 km] Tuşba (Van),145874
2011-11-03 10:11:19,43.5612,38.9257,6.77,0.69,Ml,2.6,Van Gölü - [02.28 km] Tuşba (Van),144807
2011-10-31 06:16:58,43.4578,38.8762,7.0,0.62,Ml,2.6,Van Gölü - [04.72 km] Tuşba (Van),144061
2011-11-07 17:02:26,43.5292,38.6655,7.0,0.47,Ml,2.6,Tuşba (Van),145882
2011-11-06 07:09:33,43.5223,38.9652,5.0,0.43,Md,2.6,Van Gölü - [03.61 km] Erciş (Van),145515
2011-11-04 14:26:06,43.5472,38.8693,7.0,0.46,Md,2.6,Tuşba (Van),145085
2011-11-05 18:24:39,43.5605,38.8432,9.01,0.42,Ml,2.6,Tuşba (Van),145391
2011-11-08 22:39:04,43.1685,38.6615,7.0,0.51,Md,2.6,Tuşba (Van),146125
2011-11-05 21:11:11,43.406,38.8488,7.0,0.56,Ml,2.6,Van Gölü - [00.89 km] Tuşba (Van),145424
2011-11-10 06:13:01,43.2318,38.4682,7.0,0.56,Ml,2.6,Van Gölü - [09.59 km] Tuşba (Van),146430
2011-10-27 02:34:49,43.2712,38.6155,7.03,0.87,Ml,2.6,Tuşba (Van),143029
2011-10-31 14:45:14,43.1803,38.7147,7.0,0.17,Md,2.6,Van Gölü - [03.17 km] Tuşba (Van),144110
2011-11-01 10:26:59,43.1137,38.552,7.0,0.65,Ml,2.6,Van Gölü - [10.47 km] Tuşba (Van),144306
2011-11-07 15:37:58,43.2227,38.7515,7.0,0.12,Ml,2.6,Tuşba (Van),145861
2011-11-08 05:58:22,43.4697,38.6185,7.0,0.74,Ml,2.6,Tuşba (Van),145974
2011-11-06 06:37:48,43.4607,38.7525,7.0,0.36,Md,2.5,Tuşba (Van),145509
2011-11-03 06:31:15,43.2043,38.6955,7.0,0.3,Ml,2.5,Tuşba (Van),144779
2011-11-03 06:03:34,37.5305,39.967,17.54,0.34,Ml,2.5,Zara (Sivas),144772
2011-11-02 09:15:02,43.2723,38.7907,7.0,0.44,Ml,2.5,Van Gölü - [02.06 km] Tuşba (Van),144529
2011-11-03 10:08:06,43.288,38.6372,7.0,0.77,Ml,2.5,Tuşba (Van),144806
2011-11-03 11:31:12,43.4723,38.7422,6.87,0.68,Ml,2.5,Tuşba (Van),144819
2011-11-01 19:46:28,43.3745,38.6818,7.0,0.32,Ml,2.5,Tuşba (Van),144398
2011-11-06 11:23:33,43.2498,38.7597,7.0,0.47,Md,2.5,Tuşba (Van),145552
2011-11-01 21:07:54,43.5927,38.8912,7.06,0.74,Ml,2.5,Tuşba (Van),144412
2011-11-01 21:21:42,43.545,38.9122,22.52,0.53,Ml,2.5,Tuşba (Van),144415
2011-11-01 21:22:17,43.241,38.7658,7.0,0.07,Ml,2.5,Tuşba (Van),144416
2011-11-06 10:17:17,43.1305,38.7323,7.0,0.48,Md,2.5,Van Gölü - [07.28 km] Tuşba (Van),145545
2011-11-01 22:34:48,43.572,38.8867,14.89,0.54,Ml,2.5,Tuşba (Van),144433
2011-11-01 22:42:17,38.6603,39.631,7.0,0.3,Ml,2.5,İliç (Erzincan),144434
2011-11-06 09:37:07,43.546,39.0007,6.18,0.29,Md,2.5,Erciş (Van),145536
2011-11-02 00:15:52,43.5898,38.7903,8.29,0.1,Md,2.5,İpekyolu (Van),144451
2011-11-02 00:24:51,43.6062,38.9027,11.91,0.27,Md,2.5,Tuşba (Van),144454
2011-11-02 00:25:43,43.4812,38.9233,6.84,0.63,Md,2.5,Van Gölü - [05.91 km] Tuşba (Van),144455
2011-11-02 00:57:45,43.4603,38.8527,7.0,0.61,Md,2.5,Tuşba (Van),144463
2011-11-02 01:16:50,43.5533,38.8818,7.0,0.1,Md,2.5,Tuşba (Van),144465
2011-11-06 08:30:08,43.1223,38.6812,7.0,0.35,Md,2.5,Van Gölü - [05.80 km] Tuşba (Van),145524
2011-11-06 07:15:59,43.6093,38.9197,14.8,0.94,Md,2.5,Tuşba (Van),145516
2011-10-31 19:00:32,43.0728,38.6982,7.0,0.26,Md,2.5,Van Gölü - [10.36 km] Tuşba (Van),144156
2011-11-06 06:48:38,43.6063,38.7173,7.0,0.56,Md,2.5,Erçek Gölü - [03.61 km] İpekyolu (Van),145512
2011-10-31 23:03:25,43.1715,38.6957,7.0,0.37,Md,2.5,Van Gölü - [02.57 km] Tuşba (Van),144209
2011-10-31 23:25:31,43.6717,38.4868,7.0,0.7,Md,2.5,İpekyolu (Van),144212
2011-10-31 23:27:23,43.5828,38.7948,7.0,0.66,Md,2.5,İpekyolu (Van),144213
2011-10-31 23:36:44,43.524,38.931,9.62,0.39,Md,2.5,Van Gölü - [03.17 km] Tuşba (Van),144214
2011-11-02 23:07:58,43.6265,37.3645,7.0,0.72,Md,2.5,Çukurca (Hakkari),144678
2011-10-31 23:51:33,43.515,38.8048,7.0,0.48,Md,2.5,Tuşba (Van),144218
2011-11-01 00:34:46,43.1022,38.693,7.0,0.55,Md,2.5,Van Gölü - [07.74 km] Tuşba (Van),144227
2011-11-06 06:02:26,42.5268,37.6467,7.22,0.04,Md,2.5,Merkez (Şırnak),145501
2011-11-01 02:58:40,43.225,38.7145,7.0,0.31,Md,2.5,Tuşba (Van),144245
2011-11-01 03:22:58,43.165,38.6437,7.0,0.45,Md,2.5,Tuşba (Van),144247
2011-11-01 03:23:56,43.1597,38.7468,6.92,0.62,Md,2.5,Van Gölü - [04.63 km] Tuşba (Van),144248
2011-11-01 05:46:48,43.2085,38.7632,7.0,0.29,Md,2.5,Van Gölü - [02.11 km] Tuşba (Van),144272
2011-11-01 10:06:11,43.1897,38.603,7.0,0.79,Ml,2.5,Van Gölü - [02.51 km] Tuşba (Van),144300
2011-11-06 14:19:33,42.9505,38.368,6.89,0.59,Md,2.5,Van Gölü - [03.97 km] Gevaş (Van),145593
2011-11-01 11:08:41,43.2392,38.6553,7.0,0.87,Ml,2.5,Tuşba (Van),144310
2011-11-01 11:27:03,43.507,38.9015,7.02,0.86,Ml,2.5,Van Gölü - [03.53 km] Tuşba (Van),144315
2011-10-30 17:36:24,43.666,38.5972,7.0,0.99,Ml,2.5,İpekyolu (Van),143885
2011-10-30 17:37:30,43.5978,38.4781,9.41,0.03596,Ml,2.5,İpekyolu (Van),143886
2011-10-30 17:58:16,43.5867,38.6558,3.06,0.6137,Ml,2.5,Erçek Gölü - [05.53 km] İpekyolu (Van),143893
2011-11-06 00:36:18,43.4787,38.7167,7.16,0.82,Ml,2.5,Tuşba (Van),145458
2011-10-30 20:31:45,43.494,38.5057,10.29,0.59,Ml,2.5,İpekyolu (Van),143935
2011-10-30 21:55:52,43.549,38.7747,7.0,0.75,Ml,2.5,Tuşba (Van),143952
2011-11-05 22:27:18,43.7055,38.7098,7.19,0.41,Ml,2.5,İpekyolu (Van),145439
2011-11-06 13:45:05,43.3375,38.6065,23.49,0.57,Md,2.5,Tuşba (Van),145583
2011-11-05 22:26:23,43.365,38.7537,6.95,0.33,Ml,2.5,Tuşba (Van),145438
2011-11-05 22:14:03,43.185,38.729,7.0,0.6,Ml,2.5,Van Gölü - [02.97 km] Tuşba (Van),145435
2011-10-30 23:39:27,43.2212,38.627,7.0,0.65,Ml,2.5,Tuşba (Van),143978
2011-11-06 13:16:39,43.4852,38.8327,7.0,0.95,Md,2.5,Tuşba (Van),145579
2011-10-31 00:15:33,43.5585,38.963,11.4,0.71,Ml,2.5,Van Gölü - [04.14 km] Erciş (Van),143987
2011-11-05 21:41:10,43.4932,38.8185,7.0,0.67,Ml,2.5,Tuşba (Van),145431
2011-11-05 21:37:18,43.486,38.7992,7.1,0.35,Ml,2.5,Tuşba (Van),145430
2011-10-31 00:36:56,43.072,38.7078,7.0,0.7,Ml,2.5,Van Gölü - [10.72 km] Tuşba (Van),143992
2011-10-31 00:59:25,43.5118,38.6533,7.0,0.83,Ml,2.5,Tuşba (Van),143996
2011-10-31 06:20:32,43.501,38.9868,11.41,0.67,Ml,2.5,Van Gölü - [03.20 km] Erciş (Van),144062
2011-10-31 14:25:07,43.5032,38.7718,7.0,0.65,Md,2.5,Tuşba (Van),144108
2011-11-05 19:28:07,43.506,38.7443,7.0,0.28,Ml,2.5,Tuşba (Van),145405
2011-11-10 12:26:27,43.5952,38.7893,7.02,0.55,Ml,2.5,İpekyolu (Van),146461
2011-11-05 19:11:35,43.0615,38.7372,6.88,0.25,Ml,2.5,Van Gölü - [12.93 km] Tuşba (Van),145398
2011-11-05 18:40:34,43.1738,38.6765,7.0,0.22,Ml,2.5,Tuşba (Van),145395
2011-11-05 18:18:11,43.3897,38.8063,7.0,0.42,Ml,2.5,Tuşba (Van),145389
2011-11-05 17:23:56,43.0005,38.5947,7.0,0.21,Ml,2.5,Van Gölü - [18.75 km] Tuşba (Van),145378
2011-11-05 16:46:22,43.254,37.8555,7.0,0.66,Md,2.5,Çatak (Van),145371
2011-11-05 16:00:32,43.3943,38.787,7.0,0.86,Ml,2.5,Tuşba (Van),145364
2011-11-10 12:04:04,43.5173,38.9395,3.35,0.34,Md,2.5,Van Gölü - [06.47 km] Erciş (Van),146459
2011-11-07 06:08:11,43.509,38.6715,7.0,0.67,Ml,2.5,Tuşba (Van),145785
2011-11-07 05:49:37,43.4125,38.6683,7.0,0.91,Ml,2.5,Tuşba (Van),145784
2011-11-04 14:45:28,43.5397,38.9968,7.57,0.39,Md,2.5,Erciş (Van),145089
2011-11-04 14:17:31,43.5085,38.893,7.0,0.55,Md,2.5,Van Gölü - [03.28 km] Tuşba (Van),145083
2011-11-08 03:24:42,43.498,38.9788,11.22,0.29,Md,2.5,Van Gölü - [03.81 km] Erciş (Van),145959
2011-11-08 00:55:25,43.4357,38.8567,7.0,0.36,Md,2.5,Tuşba (Van),145948
2011-11-08 08:23:59,43.1313,38.648,7.07,0.2,Md,2.5,Van Gölü - [05.94 km] Tuşba (Van),145983
2011-11-07 16:01:16,43.68,38.6775,7.0,0.6,Ml,2.5,İpekyolu (Van),145868
2011-11-07 15:12:33,43.3115,38.5757,24.87,0.6,Ml,2.5,Tuşba (Van),145856
2011-11-09 00:34:11,43.3867,38.8327,7.0,0.85,Ml,2.5,Van Gölü - [01.60 km] Tuşba (Van),146143
2011-11-09 00:10:44,43.0147,38.578,7.0,0.69,Ml,2.5,Van Gölü - [19.61 km] Gevaş (Van),146141
2011-11-08 23:40:32,43.4357,38.8008,7.0,0.75,Md,2.5,Tuşba (Van),146136
2011-11-08 23:23:09,39.5598,38.6058,7.0,0.5,Md,2.5,Merkez (Elazığ),146133
2011-11-08 22:34:00,43.0847,38.6948,7.0,0.25,Md,2.5,Van Gölü - [09.26 km] Tuşba (Van),146122
2011-11-08 21:41:00,43.1928,38.6577,7.0,0.33,Ml,2.5,Tuşba (Van),146114
2011-11-08 21:22:14,43.3752,38.821,7.0,0.1,Ml,2.5,Tuşba (Van),146110
2011-11-01 17:06:01,43.2152,38.7807,6.99,0.22,Ml,2.5,Van Gölü - [03.51 km] Tuşba (Van),144371
2011-11-04 06:31:55,43.2908,38.8033,6.96,0.32,Md,2.5,Van Gölü - [02.56 km] Tuşba (Van),144998
2011-11-04 12:07:09,43.8203,39.048,7.0,0.13,Ml,2.5,Muradiye (Van),145053
2011-11-04 12:22:42,43.1567,38.6968,7.0,0.58,Ml,2.5,Van Gölü - [03.55 km] Tuşba (Van),145056
2011-11-02 19:44:23,43.4022,38.7557,7.0,0.61,Ml,2.5,Tuşba (Van),144635
2011-11-02 01:21:19,43.6575,38.985,6.75,0.51,Md,2.4,Muradiye (Van),144467
2011-10-26 19:49:22,43.5043,38.8428,7.0,0.46,Ml,2.4,Tuşba (Van),142971
2011-11-05 17:25:22,43.5127,38.8797,7.0,0.35,Ml,2.4,Tuşba (Van),145379
2011-11-09 05:20:48,43.5845,38.8242,7.0,0.27,Md,2.4,Tuşba (Van),146189
2011-11-05 17:44:08,43.156,38.7148,7.0,0.53,Ml,2.4,Van Gölü - [05.08 km] Tuşba (Van),145383
2011-11-09 04:15:33,43.5748,38.8775,7.0,0.63,Md,2.4,Tuşba (Van),146179
2011-11-06 12:33:06,43.408,38.8233,7.0,0.58,Md,2.4,Tuşba (Van),145571
2011-11-06 04:35:36,43.1722,38.6743,7.0,0.28,Ml,2.4,Tuşba (Van),145487
2011-11-08 23:13:19,43.5015,38.923,7.03,0.61,Md,2.4,Van Gölü - [04.23 km] Tuşba (Van),146130
2011-11-06 05:07:29,43.5148,38.6883,7.0,0.85,Ml,2.4,Tuşba (Van),145491
2011-10-31 06:47:06,43.1977,38.592,7.0,0.64,Ml,2.4,Van Gölü - [01.93 km] Tuşba (Van),144066
2011-11-08 22:32:13,43.0897,38.7255,7.0,0.3,Md,2.4,Van Gölü - [10.16 km] Tuşba (Van),146121
2011-11-05 21:27:56,43.1793,38.6535,6.93,0.72,Ml,2.4,Tuşba (Van),145426
2011-10-31 06:13:18,43.2613,38.6965,26.35,0.11,Ml,2.4,Tuşba (Van),144060
2011-11-03 10:21:03,43.098,38.7155,7.0,0.67,Ml,2.4,Van Gölü - [08.98 km] Tuşba (Van),144809
2011-11-05 21:32:12,43.4732,38.8942,7.0,0.58,Ml,2.4,Van Gölü - [04.66 km] Tuşba (Van),145427
2011-10-31 05:39:40,43.4633,38.8867,7.0,0.47,Ml,2.4,Van Gölü - [04.78 km] Tuşba (Van),144054
2011-11-08 21:01:16,43.4303,38.8518,7.0,0.41,Ml,2.4,Tuşba (Van),146105
2011-11-08 21:09:59,43.5663,38.8043,7.0,0.24,Ml,2.4,Tuşba (Van),146107
2011-10-31 00:26:48,43.1733,38.5922,7.0,0.27,Ml,2.4,Van Gölü - [03.96 km] Tuşba (Van),143989
2011-11-03 10:14:16,43.2017,38.6938,7.0,0.53,Ml,2.4,Tuşba (Van),144808
2011-11-05 22:43:38,43.4295,38.8208,7.0,0.47,Ml,2.4,Tuşba (Van),145442
2011-11-06 00:10:37,43.2117,38.677,7.0,0.41,Ml,2.4,Tuşba (Van),145454
2011-11-06 00:43:11,43.5073,38.7355,7.0,0.8,Ml,2.4,Tuşba (Van),145459
2011-11-02 19:51:56,43.4858,38.7762,7.0,0.77,Ml,2.4,Tuşba (Van),144637
2011-10-30 17:34:05,43.1337,38.5888,7.0,0.39,Ml,2.4,Van Gölü - [07.43 km] Tuşba (Van),143884
2011-11-04 06:43:01,43.3047,38.7697,7.0,0.25,Md,2.4,Tuşba (Van),145000
2011-11-01 11:58:40,43.2063,38.679,7.0,0.52,Ml,2.4,Tuşba (Van),144323
2011-11-06 01:53:43,43.2205,38.7455,7.0,0.21,Ml,2.4,Tuşba (Van),145470
2011-11-06 02:05:24,43.6528,38.5332,7.0,0.6,Ml,2.4,İpekyolu (Van),145472
2011-11-06 13:58:41,43.4523,38.81,7.0,0.7,Md,2.4,Tuşba (Van),145588
2011-11-01 05:48:20,43.5347,38.9387,10.54,0.57,Md,2.4,Van Gölü - [03.50 km] Tuşba (Van),144273
2011-11-01 01:29:20,36.435,37.406,7.0,0.27,Md,2.4,Andırın (Kahramanmaraş),144235
2011-11-06 06:36:25,43.4825,38.7277,7.0,0.95,Md,2.4,Tuşba (Van),145508
2011-10-31 23:24:03,43.0813,38.6902,7.0,0.51,Md,2.4,Van Gölü - [09.46 km] Tuşba (Van),144211
2011-11-06 07:05:17,43.4177,38.8337,7.0,0.64,Md,2.4,Tuşba (Van),145514
2011-11-02 00:39:01,43.2165,38.6448,7.0,0.69,Md,2.4,Tuşba (Van),144457
2011-11-02 00:36:06,43.2033,38.6138,7.0,0.57,Md,2.4,Tuşba (Van),144456
2011-11-03 07:20:53,43.2017,38.6242,7.0,0.49,Ml,2.4,Tuşba (Van),144785
2011-11-01 20:08:02,43.0658,38.634,7.0,0.56,Ml,2.4,Van Gölü - [11.71 km] Tuşba (Van),144400
2011-11-06 11:55:42,43.1302,38.761,7.0,0.33,Md,2.4,Van Gölü - [07.41 km] Tuşba (Van),145558
2011-11-03 13:37:02,43.2185,38.6288,7.01,0.17,Md,2.4,Tuşba (Van),144829
2011-11-06 12:32:07,43.4473,38.8282,7.0,0.38,Md,2.4,Tuşba (Van),145569
2011-11-08 08:51:40,43.2197,38.664,6.99,0.34,Md,2.4,Tuşba (Van),145984
2011-11-08 00:00:36,43.5428,38.9717,7.34,0.3,Md,2.4,Van Gölü - [02.75 km] Erciş (Van),145937
2011-10-31 01:49:43,43.4122,38.7525,7.0,0.62,Ml,2.4,Tuşba (Van),144006
2011-11-06 09:34:22,43.4305,38.8517,7.0,0.59,Md,2.3,Tuşba (Van),145535
2011-11-04 08:59:02,43.3678,38.776,7.0,0.54,Ml,2.3,Tuşba (Van),145025
2011-11-03 07:26:54,39.0958,38.6525,6.95,0.56,Ml,2.3,Merkez (Elazığ),144787
2011-10-30 22:52:00,43.5755,38.4623,7.0,0.74,Ml,2.3,İpekyolu (Van),143966
2011-11-05 22:30:12,43.2758,38.7632,7.0,0.34,Ml,2.3,Tuşba (Van),145440
2011-10-31 01:44:23,43.2723,38.5988,7.0,0.82,Ml,2.3,Tuşba (Van),144005
2011-11-05 23:50:58,43.2865,38.7265,7.0,0.03,Ml,2.3,Tuşba (Van),145450
2011-10-30 20:49:37,43.1695,38.5825,7.0,0.51,Ml,2.3,Van Gölü - [04.60 km] Tuşba (Van),143939
2011-11-06 00:33:48,43.4455,38.7208,7.0,0.7,Ml,2.3,Tuşba (Van),145457
2011-11-01 21:50:42,43.4655,38.8883,7.0,0.35,Ml,2.3,Van Gölü - [04.73 km] Tuşba (Van),144423
2011-11-01 20:32:42,43.3388,38.8365,7.0,0.53,Ml,2.3,Tuşba (Van),144405
2011-11-06 01:42:31,43.4298,38.9693,7.0,0.42,Ml,2.3,Van Gölü - [04.60 km] Erciş (Van),145465
2011-10-30 17:16:21,43.4805,38.9035,7.0,0.8,Ml,2.3,Van Gölü - [05.11 km] Tuşba (Van),143881
2011-11-08 11:46:12,43.5483,38.8153,6.99,0.59,Md,2.3,Tuşba (Van),145998
2011-11-05 16:09:51,43.472,38.8867,7.0,0.84,Ml,2.3,Van Gölü - [04.17 km] Tuşba (Van),145365
2011-11-05 16:55:23,43.205,38.6605,7.0,0.23,Ml,2.3,Tuşba (Van),145373
2011-11-05 17:03:56,43.4238,38.9877,7.0,0.43,Ml,2.3,Van Gölü - [02.52 km] Erciş (Van),145374
2011-11-04 07:19:44,43.4098,38.8253,7.0,0.68,Md,2.3,Tuşba (Van),145010
2011-11-05 17:32:16,43.6325,38.8083,7.0,0.33,Ml,2.3,Muradiye (Van),145381
2011-11-09 04:48:07,42.9742,38.4633,7.0,0.29,Md,2.3,Van Gölü - [09.63 km] Gevaş (Van),146186
2011-11-05 17:44:59,43.5677,38.8655,6.87,0.19,Ml,2.3,Tuşba (Van),145384
2011-11-05 17:54:47,43.1548,38.6047,7.0,0.36,Ml,2.3,Van Gölü - [05.54 km] Tuşba (Van),145385
2011-11-10 06:35:57,43.0285,38.7104,10.63,0.05689,Ml,2.3,Van Gölü - [14.42 km] Tuşba (Van),146434
2011-11-05 18:25:40,43.5223,38.9252,9.59,0.24,Ml,2.3,Van Gölü - [02.80 km] Tuşba (Van),145392
2011-11-05 18:42:24,43.6392,38.8635,7.0,0.36,Ml,2.3,Tuşba (Van),145396
2011-11-02 18:24:17,43.5778,38.921,4.68,0.69,Md,2.3,Van Gölü - [01.96 km] Tuşba (Van),144607
2011-11-02 18:29:30,43.422,38.7667,7.0,0.73,Ml,2.3,Tuşba (Van),144608
2011-11-06 14:24:22,43.5317,38.9303,7.48,0.53,Md,2.3,Van Gölü - [02.73 km] Tuşba (Van),145596
2011-11-06 12:36:39,43.4122,38.8278,7.0,0.66,Md,2.3,Tuşba (Van),145572
2011-11-02 18:21:47,43.6282,38.87,7.0,0.41,Ml,2.3,Tuşba (Van),144605
2011-11-04 14:23:37,43.2057,38.6715,7.0,0.69,Md,2.3,Tuşba (Van),145084
2011-10-31 23:53:51,43.5865,38.8125,7.0,0.24,Md,2.3,Tuşba (Van),144219
2011-10-31 06:28:12,43.2645,38.8388,7.0,0.24,Ml,2.3,Van Gölü - [04.87 km] Tuşba (Van),144065
2011-10-31 23:37:32,43.539,38.9297,11.98,0.4,Md,2.3,Van Gölü - [02.43 km] Tuşba (Van),144215
2011-10-31 01:54:36,43.4983,38.9727,12.29,0.28,Ml,2.3,Van Gölü - [04.17 km] Erciş (Van),144008
2011-11-06 13:16:06,43.4723,38.8153,7.0,0.7,Md,2.3,Tuşba (Van),145578
2011-11-05 20:20:04,43.4518,38.7613,7.0,0.67,Ml,2.3,Tuşba (Van),145413
2011-10-31 00:50:42,43.4873,38.8273,7.0,0.74,Ml,2.3,Tuşba (Van),143993
2011-11-08 10:18:14,43.1418,38.7102,7.02,0.16,Md,2.3,Van Gölü - [05.51 km] Tuşba (Van),145990
2011-11-08 21:10:42,43.2907,38.707,7.0,0.11,Ml,2.2,Tuşba (Van),146108
2011-11-02 19:35:17,43.5467,38.9655,9.43,0.38,Ml,2.2,Van Gölü - [03.50 km] Erciş (Van),144632
2011-11-02 18:20:35,43.4198,38.8468,7.0,0.94,Ml,2.2,Tuşba (Van),144604
2011-10-30 21:18:52,43.699,38.8965,7.0,0.54,Ml,2.2,Muradiye (Van),143946
2011-11-05 18:04:35,38.4887,38.0882,7.0,0.16,Md,2.2,Sincik (Adıyaman),145387
2011-11-03 06:34:01,43.2713,38.6295,7.0,0.61,Ml,2.2,Tuşba (Van),144781
2011-11-03 10:32:34,43.2117,38.6285,7.0,0.74,Ml,2.2,Tuşba (Van),144811
2011-11-10 13:56:04,43.4585,38.9537,7.03,0.38,Ml,2.2,Van Gölü - [07.00 km] Erciş (Van),146474
2011-11-01 22:09:48,43.085,38.614,7.0,0.2,Ml,2.2,Van Gölü - [11.41 km] Tuşba (Van),144428
2011-11-05 18:22:35,43.2663,38.7153,7.0,0.54,Ml,2.2,Tuşba (Van),145390
2011-11-08 23:34:08,39.5275,38.6193,7.0,0.24,Md,2.2,Merkez (Elazığ),146134
2011-11-05 18:31:54,43.4997,38.9047,7.01,0.48,Ml,2.2,Van Gölü - [04.10 km] Tuşba (Van),145394
2011-10-28 09:33:13,36.2185,37.5303,7.06,0.32,Ml,2.2,Kadirli (Osmaniye),143356
2011-11-05 20:33:07,43.4432,38.8447,7.0,0.52,Ml,2.2,Tuşba (Van),145415
2011-11-05 20:37:43,43.4542,38.8435,7.0,0.49,Ml,2.2,Tuşba (Van),145417
2011-11-09 00:45:39,43.2348,38.6702,7.0,0.98,Ml,2.2,Tuşba (Van),146145
2011-11-02 19:21:33,43.179,38.6102,7.0,0.96,Ml,2.2,Van Gölü - [03.62 km] Tuşba (Van),144627
2011-10-30 22:21:59,43.4167,38.8087,7.0,0.14,Ml,2.2,Tuşba (Van),143960
2011-11-01 16:25:37,43.2588,38.6958,7.0,1.02,Ml,2.2,Tuşba (Van),144367
2011-11-07 08:23:02,43.2063,38.6945,7.0,0.27,Ml,2.2,Tuşba (Van),145803
2011-11-06 02:55:52,43.5022,39.0103,7.04,0.44,Ml,2.2,Erciş (Van),145482
2011-11-06 04:38:45,43.3627,38.7317,7.0,0.4,Ml,2.1,Tuşba (Van),145488
2011-11-08 21:04:17,43.4303,38.7558,7.0,0.12,Ml,2.1,Tuşba (Van),146106
2011-11-08 09:40:10,43.2913,38.5032,24.4,0.18,Md,2.1,Van Gölü - [03.11 km] Tuşba (Van),145988
2011-11-05 17:05:11,43.5615,38.8853,14.72,0.48,Ml,2.1,Tuşba (Van),145375
2011-11-06 02:50:49,43.5007,38.7495,7.0,0.74,Ml,2.1,Tuşba (Van),145480
2011-11-06 02:01:48,43.5587,38.8093,7.0,0.42,Ml,2.0,Tuşba (Van),145471
2011-10-30 17:14:00,43.1565,38.741,7.0,0.22,Ml,2.0,Van Gölü - [04.91 km] Tuşba (Van),143880
2011-10-30 23:30:37,43.463,38.8833,7.0,0.91,Ml,2.0,Van Gölü - [04.61 km] Tuşba (Van),143976
2011-11-08 11:47:13,38.7342,39.8752,11.18,0.13,Ml,2.0,Refahiye (Erzincan),146000
2011-10-26 21:46:55,36.2948,37.3095,7.0,0.06,Ml,2.0,Düziçi (Osmaniye),142993
2011-11-08 10:05:28,38.7443,39.939,6.77,0.04,Md,1.9,Refahiye (Erzincan),145989
2011-11-06 02:49:38,43.51,38.9662,5.0,0.33,Ml,1.9,Van Gölü - [04.00 km] Erciş (Van),145479
2011-11-06 02:53:29,43.5595,38.7563,7.0,0.46,Ml,1.9,İpekyolu (Van),145481
2011-11-07 10:37:13,38.7205,39.6457,7.26,0.21,Ml,1.8,Kemah (Erzincan),145817
